Copyright 1986-2022 Xilinx, Inc. All Rights Reserved. Copyright 2022-2026 Advanced Micro Devices, Inc. All Rights Reserved.
---------------------------------------------------------------------------------------------------------------------------------------------------------------------------------------------------------------------------
| Tool Version : Vivado v.2026.1 (win64) Build 6511674 Tue Jun 16 11:02:23 MDT 2026
| Date         : Wed Sep  9 01:17:15 2026
| Host         : DESKTOP-MCLLK9A running 64-bit major release  (build 9200)
| Command      : report_timing_summary -max_paths 10 -routable_nets -report_unconstrained -file blink_timing_summary_routed.rpt -pb blink_timing_summary_routed.pb -rpx blink_timing_summary_routed.rpx -warn_on_violation
| Design       : blink
| Device       : 7k325t-ffg900
| Speed File   : -2  PRODUCTION 1.12 2017-02-17
| Design State : Routed
---------------------------------------------------------------------------------------------------------------------------------------------------------------------------------------------------------------------------

Timing Summary Report

------------------------------------------------------------------------------------------------
| Timer Settings
| --------------
------------------------------------------------------------------------------------------------

  Enable Multi Corner Analysis               :  Yes
  Enable Pessimism Removal                   :  Yes
  Pessimism Removal Resolution               :  Nearest Common Node
  Enable Input Delay Default Clock           :  No
  Enable Preset / Clear Arcs                 :  No
  Disable Flight Delays                      :  No
  Ignore I/O Paths                           :  No
  Timing Early Launch at Borrowing Latches   :  No
  Borrow Time for Max Delay Exceptions       :  Yes
  Merge Timing Exceptions                    :  Yes
  Inter-SLR Compensation                     :  Conservative

  Corner  Analyze    Analyze    
  Name    Max Paths  Min Paths  
  ------  ---------  ---------  
  Slow    Yes        Yes        
  Fast    Yes        Yes        


------------------------------------------------------------------------------------------------
| Report Methodology
| ------------------
------------------------------------------------------------------------------------------------

Rule       Severity  Description                    Violations  
---------  --------  -----------------------------  ----------  
TIMING-18  Warning   Missing input or output delay  8           

Note: This report is based on the most recent report_methodology run and may not be up-to-date. Run report_methodology on the current design for the latest report.



check_timing report

Table of Contents
-----------------
1. checking no_clock (0)
2. checking constant_clock (0)
3. checking pulse_width_clock (0)
4. checking unconstrained_internal_endpoints (0)
5. checking no_input_delay (0)
6. checking no_output_delay (1)
7. checking multiple_clock (0)
8. checking generated_clocks (0)
9. checking loops (0)
10. checking partial_input_delay (0)
11. checking partial_output_delay (0)
12. checking latch_loops (0)

1. checking no_clock (0)
------------------------
 There are 0 register/latch pins with no clock.


2. checking constant_clock (0)
------------------------------
 There are 0 register/latch pins with constant_clock.


3. checking pulse_width_clock (0)
---------------------------------
 There are 0 register/latch pins which need pulse_width check


4. checking unconstrained_internal_endpoints (0)
------------------------------------------------
 There are 0 pins that are not constrained for maximum delay.

 There are 0 pins that are not constrained for maximum delay due to constant clock.


5. checking no_input_delay (0)
------------------------------
 There are 0 input ports with no input delay specified.

 There are 0 input ports with no input delay but user has a false path constraint.


6. checking no_output_delay (1)
-------------------------------
 There is 1 port with no output delay specified. (HIGH)

 There are 0 ports with no output delay but user has a false path constraint

 There are 0 ports with no output delay but with a timing clock defined on it or propagating through it


7. checking multiple_clock (0)
------------------------------
 There are 0 register/latch pins with multiple clocks.


8. checking generated_clocks (0)
--------------------------------
 There are 0 generated clocks that are not connected to a clock source.


9. checking loops (0)
---------------------
 There are 0 combinational loops in the design.


10. checking partial_input_delay (0)
------------------------------------
 There are 0 input ports with partial input delay specified.


11. checking partial_output_delay (0)
-------------------------------------
 There are 0 ports with partial output delay specified.


12. checking latch_loops (0)
----------------------------
 There are 0 combinational latch loops in the design through latch input



------------------------------------------------------------------------------------------------
| Design Timing Summary
| ---------------------
------------------------------------------------------------------------------------------------

    WNS(ns)      TNS(ns)  TNS Failing Endpoints  TNS Total Endpoints      WHS(ns)      THS(ns)  THS Failing Endpoints  THS Total Endpoints     WPWS(ns)     TPWS(ns)  TPWS Failing Endpoints  TPWS Total Endpoints  
    -------      -------  ---------------------  -------------------      -------      -------  ---------------------  -------------------     --------     --------  ----------------------  --------------------  
      3.684        0.000                      0                   27        0.218        0.000                      0                   27        2.150        0.000                       0                    28  


All user specified timing constraints are met.


------------------------------------------------------------------------------------------------
| Clock Summary
| -------------
------------------------------------------------------------------------------------------------

Clock   Waveform(ns)         Period(ns)      Frequency(MHz)
-----   ------------         ----------      --------------
sysclk  {0.000 2.500}        5.000           200.000         


------------------------------------------------------------------------------------------------
| Intra Clock Table
| -----------------
------------------------------------------------------------------------------------------------

Clock             WNS(ns)      TNS(ns)  TNS Failing Endpoints  TNS Total Endpoints      WHS(ns)      THS(ns)  THS Failing Endpoints  THS Total Endpoints     WPWS(ns)     TPWS(ns)  TPWS Failing Endpoints  TPWS Total Endpoints  
-----             -------      -------  ---------------------  -------------------      -------      -------  ---------------------  -------------------     --------     --------  ----------------------  --------------------  
sysclk              3.684        0.000                      0                   27        0.218        0.000                      0                   27        2.150        0.000                       0                    28  


------------------------------------------------------------------------------------------------
| Inter Clock Table
| -----------------
------------------------------------------------------------------------------------------------

From Clock    To Clock          WNS(ns)      TNS(ns)  TNS Failing Endpoints  TNS Total Endpoints      WHS(ns)      THS(ns)  THS Failing Endpoints  THS Total Endpoints  
----------    --------          -------      -------  ---------------------  -------------------      -------      -------  ---------------------  -------------------  


------------------------------------------------------------------------------------------------
| Other Path Groups Table
| -----------------------
------------------------------------------------------------------------------------------------

Path Group    From Clock    To Clock          WNS(ns)      TNS(ns)  TNS Failing Endpoints  TNS Total Endpoints      WHS(ns)      THS(ns)  THS Failing Endpoints  THS Total Endpoints  
----------    ----------    --------          -------      -------  ---------------------  -------------------      -------      -------  ---------------------  -------------------  


------------------------------------------------------------------------------------------------
| User Ignored Path Table
| -----------------------
------------------------------------------------------------------------------------------------

Path Group    From Clock    To Clock    
----------    ----------    --------    


------------------------------------------------------------------------------------------------
| Unconstrained Path Table
| ------------------------
------------------------------------------------------------------------------------------------

Path Group    From Clock    To Clock    
----------    ----------    --------    
(none)                                    
(none)        sysclk                      


------------------------------------------------------------------------------------------------
| Timing Details
| --------------
------------------------------------------------------------------------------------------------


---------------------------------------------------------------------------------------------------
From Clock:  sysclk
  To Clock:  sysclk

Setup :            0  Failing Endpoints,  Worst Slack        3.684ns,  Total Violation        0.000ns
Hold  :            0  Failing Endpoints,  Worst Slack        0.218ns,  Total Violation        0.000ns
PW    :            0  Failing Endpoints,  Worst Slack        2.150ns,  Total Violation        0.000ns
---------------------------------------------------------------------------------------------------


Max Delay Paths
--------------------------------------------------------------------------------------
Slack (MET) :             3.684ns  (required time - arrival time)
  Source:                 counter_reg[3]/C
                            (rising edge-triggered cell FDRE clocked by sysclk  {rise@0.000ns fall@2.500ns period=5.000ns})
  Destination:            counter_reg[25]/D
                            (rising edge-triggered cell FDRE clocked by sysclk  {rise@0.000ns fall@2.500ns period=5.000ns})
  Path Group:             sysclk
  Path Type:              Setup (Max at Slow Process Corner)
  Requirement:            5.000ns  (sysclk rise@5.000ns - sysclk rise@0.000ns)
  Data Path Delay:        1.314ns  (logic 0.890ns (67.729%)  route 0.424ns (32.272%))
  Logic Levels:           7  (CARRY4=7)
  Clock Path Skew:        -0.016ns (DCD - SCD + CPR)
    Destination Clock Delay (DCD):    4.275ns = ( 9.275 - 5.000 ) 
    Source Clock Delay      (SCD):    4.639ns
    Clock Pessimism Removal (CPR):    0.347ns
  Clock Uncertainty:      0.035ns  ((TSJ^2 + TIJ^2)^1/2 + DJ) / 2 + PE
    Total System Jitter     (TSJ):    0.071ns
    Total Input Jitter      (TIJ):    0.000ns
    Discrete Jitter          (DJ):    0.000ns
    Phase Error              (PE):    0.000ns

    Location             Delay type                Incr(ns)  Path(ns)    Netlist Resource(s)
  -------------------------------------------------------------------    -------------------
                         (clock sysclk rise edge)     0.000     0.000 r  <hidden>
    AD12                                              0.000     0.000 r  sysclk_p
                         net (fo=0)                   0.000     0.000    sysclk_p
    AD12                 IBUFDS (Prop_ibufds_I_O)     0.906     0.906 r  clock_input/O
                         net (fo=1, routed)           2.299     3.205    clk
    BUFGCTRL_X0Y0        BUFG (Prop_bufg_I_O)         0.093     3.298 r  clk_BUFG_inst/O
                         net (fo=27, routed)          1.341     4.639    clk_BUFG
    SLICE_X0Y178         FDRE                                         r  counter_reg[3]/C
  -------------------------------------------------------------------    -------------------
    SLICE_X0Y178         FDRE (Prop_fdre_C_Q)         0.223     4.862 r  counter_reg[3]/Q
                         net (fo=1, routed)           0.424     5.286    counter_reg_n_0_[3]
    SLICE_X0Y178         CARRY4 (Prop_carry4_S[3]_CO[3])
                                                      0.236     5.522 r  counter_reg[0]_i_1/CO[3]
                         net (fo=1, routed)           0.000     5.522    counter_reg[0]_i_1_n_0
    SLICE_X0Y179         CARRY4 (Prop_carry4_CI_CO[3])
                                                      0.053     5.575 r  counter_reg[4]_i_1/CO[3]
                         net (fo=1, routed)           0.000     5.575    counter_reg[4]_i_1_n_0
    SLICE_X0Y180         CARRY4 (Prop_carry4_CI_CO[3])
                                                      0.053     5.628 r  counter_reg[8]_i_1/CO[3]
                         net (fo=1, routed)           0.000     5.628    counter_reg[8]_i_1_n_0
    SLICE_X0Y181         CARRY4 (Prop_carry4_CI_CO[3])
                                                      0.053     5.681 r  counter_reg[12]_i_1/CO[3]
                         net (fo=1, routed)           0.000     5.681    counter_reg[12]_i_1_n_0
    SLICE_X0Y182         CARRY4 (Prop_carry4_CI_CO[3])
                                                      0.053     5.734 r  counter_reg[16]_i_1/CO[3]
                         net (fo=1, routed)           0.000     5.734    counter_reg[16]_i_1_n_0
    SLICE_X0Y183         CARRY4 (Prop_carry4_CI_CO[3])
                                                      0.053     5.787 r  counter_reg[20]_i_1/CO[3]
                         net (fo=1, routed)           0.000     5.787    counter_reg[20]_i_1_n_0
    SLICE_X0Y184         CARRY4 (Prop_carry4_CI_O[1])
                                                      0.166     5.953 r  counter_reg[24]_i_1/O[1]
                         net (fo=1, routed)           0.000     5.953    counter_reg[24]_i_1_n_6
    SLICE_X0Y184         FDRE                                         r  counter_reg[25]/D
  -------------------------------------------------------------------    -------------------

                         (clock sysclk rise edge)     5.000     5.000 r  <hidden>
    AD12                                              0.000     5.000 r  sysclk_p
                         net (fo=0)                   0.000     5.000    sysclk_p
    AD12                 IBUFDS (Prop_ibufds_I_O)     0.803     5.803 r  clock_input/O
                         net (fo=1, routed)           2.173     7.976    clk
    BUFGCTRL_X0Y0        BUFG (Prop_bufg_I_O)         0.083     8.059 r  clk_BUFG_inst/O
                         net (fo=27, routed)          1.216     9.275    clk_BUFG
    SLICE_X0Y184         FDRE                                         r  counter_reg[25]/C
                         clock pessimism              0.347     9.623    <hidden>
                         clock uncertainty           -0.035     9.587    <hidden>
    SLICE_X0Y184         FDRE (Setup_fdre_C_D)        0.049     9.636    counter_reg[25]
  -------------------------------------------------------------------
                         required time                          9.636    <hidden>
                         arrival time                          -5.953    <hidden>
  -------------------------------------------------------------------
                         slack                                  3.684    <hidden>

Slack (MET) :             3.736ns  (required time - arrival time)
  Source:                 counter_reg[3]/C
                            (rising edge-triggered cell FDRE clocked by sysclk  {rise@0.000ns fall@2.500ns period=5.000ns})
  Destination:            counter_reg[21]/D
                            (rising edge-triggered cell FDRE clocked by sysclk  {rise@0.000ns fall@2.500ns period=5.000ns})
  Path Group:             sysclk
  Path Type:              Setup (Max at Slow Process Corner)
  Requirement:            5.000ns  (sysclk rise@5.000ns - sysclk rise@0.000ns)
  Data Path Delay:        1.261ns  (logic 0.837ns (66.372%)  route 0.424ns (33.628%))
  Logic Levels:           6  (CARRY4=6)
  Clock Path Skew:        -0.017ns (DCD - SCD + CPR)
    Destination Clock Delay (DCD):    4.274ns = ( 9.274 - 5.000 ) 
    Source Clock Delay      (SCD):    4.639ns
    Clock Pessimism Removal (CPR):    0.347ns
  Clock Uncertainty:      0.035ns  ((TSJ^2 + TIJ^2)^1/2 + DJ) / 2 + PE
    Total System Jitter     (TSJ):    0.071ns
    Total Input Jitter      (TIJ):    0.000ns
    Discrete Jitter          (DJ):    0.000ns
    Phase Error              (PE):    0.000ns

    Location             Delay type                Incr(ns)  Path(ns)    Netlist Resource(s)
  -------------------------------------------------------------------    -------------------
                         (clock sysclk rise edge)     0.000     0.000 r  <hidden>
    AD12                                              0.000     0.000 r  sysclk_p
                         net (fo=0)                   0.000     0.000    sysclk_p
    AD12                 IBUFDS (Prop_ibufds_I_O)     0.906     0.906 r  clock_input/O
                         net (fo=1, routed)           2.299     3.205    clk
    BUFGCTRL_X0Y0        BUFG (Prop_bufg_I_O)         0.093     3.298 r  clk_BUFG_inst/O
                         net (fo=27, routed)          1.341     4.639    clk_BUFG
    SLICE_X0Y178         FDRE                                         r  counter_reg[3]/C
  -------------------------------------------------------------------    -------------------
    SLICE_X0Y178         FDRE (Prop_fdre_C_Q)         0.223     4.862 r  counter_reg[3]/Q
                         net (fo=1, routed)           0.424     5.286    counter_reg_n_0_[3]
    SLICE_X0Y178         CARRY4 (Prop_carry4_S[3]_CO[3])
                                                      0.236     5.522 r  counter_reg[0]_i_1/CO[3]
                         net (fo=1, routed)           0.000     5.522    counter_reg[0]_i_1_n_0
    SLICE_X0Y179         CARRY4 (Prop_carry4_CI_CO[3])
                                                      0.053     5.575 r  counter_reg[4]_i_1/CO[3]
                         net (fo=1, routed)           0.000     5.575    counter_reg[4]_i_1_n_0
    SLICE_X0Y180         CARRY4 (Prop_carry4_CI_CO[3])
                                                      0.053     5.628 r  counter_reg[8]_i_1/CO[3]
                         net (fo=1, routed)           0.000     5.628    counter_reg[8]_i_1_n_0
    SLICE_X0Y181         CARRY4 (Prop_carry4_CI_CO[3])
                                                      0.053     5.681 r  counter_reg[12]_i_1/CO[3]
                         net (fo=1, routed)           0.000     5.681    counter_reg[12]_i_1_n_0
    SLICE_X0Y182         CARRY4 (Prop_carry4_CI_CO[3])
                                                      0.053     5.734 r  counter_reg[16]_i_1/CO[3]
                         net (fo=1, routed)           0.000     5.734    counter_reg[16]_i_1_n_0
    SLICE_X0Y183         CARRY4 (Prop_carry4_CI_O[1])
                                                      0.166     5.900 r  counter_reg[20]_i_1/O[1]
                         net (fo=1, routed)           0.000     5.900    counter_reg[20]_i_1_n_6
    SLICE_X0Y183         FDRE                                         r  counter_reg[21]/D
  -------------------------------------------------------------------    -------------------

                         (clock sysclk rise edge)     5.000     5.000 r  <hidden>
    AD12                                              0.000     5.000 r  sysclk_p
                         net (fo=0)                   0.000     5.000    sysclk_p
    AD12                 IBUFDS (Prop_ibufds_I_O)     0.803     5.803 r  clock_input/O
                         net (fo=1, routed)           2.173     7.976    clk
    BUFGCTRL_X0Y0        BUFG (Prop_bufg_I_O)         0.083     8.059 r  clk_BUFG_inst/O
                         net (fo=27, routed)          1.215     9.274    clk_BUFG
    SLICE_X0Y183         FDRE                                         r  counter_reg[21]/C
                         clock pessimism              0.347     9.622    <hidden>
                         clock uncertainty           -0.035     9.586    <hidden>
    SLICE_X0Y183         FDRE (Setup_fdre_C_D)        0.049     9.635    counter_reg[21]
  -------------------------------------------------------------------
                         required time                          9.635    <hidden>
                         arrival time                          -5.900    <hidden>
  -------------------------------------------------------------------
                         slack                                  3.736    <hidden>

Slack (MET) :             3.739ns  (required time - arrival time)
  Source:                 counter_reg[3]/C
                            (rising edge-triggered cell FDRE clocked by sysclk  {rise@0.000ns fall@2.500ns period=5.000ns})
  Destination:            counter_reg[24]/D
                            (rising edge-triggered cell FDRE clocked by sysclk  {rise@0.000ns fall@2.500ns period=5.000ns})
  Path Group:             sysclk
  Path Type:              Setup (Max at Slow Process Corner)
  Requirement:            5.000ns  (sysclk rise@5.000ns - sysclk rise@0.000ns)
  Data Path Delay:        1.259ns  (logic 0.835ns (66.319%)  route 0.424ns (33.681%))
  Logic Levels:           7  (CARRY4=7)
  Clock Path Skew:        -0.016ns (DCD - SCD + CPR)
    Destination Clock Delay (DCD):    4.275ns = ( 9.275 - 5.000 ) 
    Source Clock Delay      (SCD):    4.639ns
    Clock Pessimism Removal (CPR):    0.347ns
  Clock Uncertainty:      0.035ns  ((TSJ^2 + TIJ^2)^1/2 + DJ) / 2 + PE
    Total System Jitter     (TSJ):    0.071ns
    Total Input Jitter      (TIJ):    0.000ns
    Discrete Jitter          (DJ):    0.000ns
    Phase Error              (PE):    0.000ns

    Location             Delay type                Incr(ns)  Path(ns)    Netlist Resource(s)
  -------------------------------------------------------------------    -------------------
                         (clock sysclk rise edge)     0.000     0.000 r  <hidden>
    AD12                                              0.000     0.000 r  sysclk_p
                         net (fo=0)                   0.000     0.000    sysclk_p
    AD12                 IBUFDS (Prop_ibufds_I_O)     0.906     0.906 r  clock_input/O
                         net (fo=1, routed)           2.299     3.205    clk
    BUFGCTRL_X0Y0        BUFG (Prop_bufg_I_O)         0.093     3.298 r  clk_BUFG_inst/O
                         net (fo=27, routed)          1.341     4.639    clk_BUFG
    SLICE_X0Y178         FDRE                                         r  counter_reg[3]/C
  -------------------------------------------------------------------    -------------------
    SLICE_X0Y178         FDRE (Prop_fdre_C_Q)         0.223     4.862 r  counter_reg[3]/Q
                         net (fo=1, routed)           0.424     5.286    counter_reg_n_0_[3]
    SLICE_X0Y178         CARRY4 (Prop_carry4_S[3]_CO[3])
                                                      0.236     5.522 r  counter_reg[0]_i_1/CO[3]
                         net (fo=1, routed)           0.000     5.522    counter_reg[0]_i_1_n_0
    SLICE_X0Y179         CARRY4 (Prop_carry4_CI_CO[3])
                                                      0.053     5.575 r  counter_reg[4]_i_1/CO[3]
                         net (fo=1, routed)           0.000     5.575    counter_reg[4]_i_1_n_0
    SLICE_X0Y180         CARRY4 (Prop_carry4_CI_CO[3])
                                                      0.053     5.628 r  counter_reg[8]_i_1/CO[3]
                         net (fo=1, routed)           0.000     5.628    counter_reg[8]_i_1_n_0
    SLICE_X0Y181         CARRY4 (Prop_carry4_CI_CO[3])
                                                      0.053     5.681 r  counter_reg[12]_i_1/CO[3]
                         net (fo=1, routed)           0.000     5.681    counter_reg[12]_i_1_n_0
    SLICE_X0Y182         CARRY4 (Prop_carry4_CI_CO[3])
                                                      0.053     5.734 r  counter_reg[16]_i_1/CO[3]
                         net (fo=1, routed)           0.000     5.734    counter_reg[16]_i_1_n_0
    SLICE_X0Y183         CARRY4 (Prop_carry4_CI_CO[3])
                                                      0.053     5.787 r  counter_reg[20]_i_1/CO[3]
                         net (fo=1, routed)           0.000     5.787    counter_reg[20]_i_1_n_0
    SLICE_X0Y184         CARRY4 (Prop_carry4_CI_O[0])
                                                      0.111     5.898 r  counter_reg[24]_i_1/O[0]
                         net (fo=1, routed)           0.000     5.898    counter_reg[24]_i_1_n_7
    SLICE_X0Y184         FDRE                                         r  counter_reg[24]/D
  -------------------------------------------------------------------    -------------------

                         (clock sysclk rise edge)     5.000     5.000 r  <hidden>
    AD12                                              0.000     5.000 r  sysclk_p
                         net (fo=0)                   0.000     5.000    sysclk_p
    AD12                 IBUFDS (Prop_ibufds_I_O)     0.803     5.803 r  clock_input/O
                         net (fo=1, routed)           2.173     7.976    clk
    BUFGCTRL_X0Y0        BUFG (Prop_bufg_I_O)         0.083     8.059 r  clk_BUFG_inst/O
                         net (fo=27, routed)          1.216     9.275    clk_BUFG
    SLICE_X0Y184         FDRE                                         r  counter_reg[24]/C
                         clock pessimism              0.347     9.623    <hidden>
                         clock uncertainty           -0.035     9.587    <hidden>
    SLICE_X0Y184         FDRE (Setup_fdre_C_D)        0.049     9.636    counter_reg[24]
  -------------------------------------------------------------------
                         required time                          9.636    <hidden>
                         arrival time                          -5.898    <hidden>
  -------------------------------------------------------------------
                         slack                                  3.739    <hidden>

Slack (MET) :             3.739ns  (required time - arrival time)
  Source:                 counter_reg[3]/C
                            (rising edge-triggered cell FDRE clocked by sysclk  {rise@0.000ns fall@2.500ns period=5.000ns})
  Destination:            counter_reg[26]/D
                            (rising edge-triggered cell FDRE clocked by sysclk  {rise@0.000ns fall@2.500ns period=5.000ns})
  Path Group:             sysclk
  Path Type:              Setup (Max at Slow Process Corner)
  Requirement:            5.000ns  (sysclk rise@5.000ns - sysclk rise@0.000ns)
  Data Path Delay:        1.259ns  (logic 0.835ns (66.319%)  route 0.424ns (33.681%))
  Logic Levels:           7  (CARRY4=7)
  Clock Path Skew:        -0.016ns (DCD - SCD + CPR)
    Destination Clock Delay (DCD):    4.275ns = ( 9.275 - 5.000 ) 
    Source Clock Delay      (SCD):    4.639ns
    Clock Pessimism Removal (CPR):    0.347ns
  Clock Uncertainty:      0.035ns  ((TSJ^2 + TIJ^2)^1/2 + DJ) / 2 + PE
    Total System Jitter     (TSJ):    0.071ns
    Total Input Jitter      (TIJ):    0.000ns
    Discrete Jitter          (DJ):    0.000ns
    Phase Error              (PE):    0.000ns

    Location             Delay type                Incr(ns)  Path(ns)    Netlist Resource(s)
  -------------------------------------------------------------------    -------------------
                         (clock sysclk rise edge)     0.000     0.000 r  <hidden>
    AD12                                              0.000     0.000 r  sysclk_p
                         net (fo=0)                   0.000     0.000    sysclk_p
    AD12                 IBUFDS (Prop_ibufds_I_O)     0.906     0.906 r  clock_input/O
                         net (fo=1, routed)           2.299     3.205    clk
    BUFGCTRL_X0Y0        BUFG (Prop_bufg_I_O)         0.093     3.298 r  clk_BUFG_inst/O
                         net (fo=27, routed)          1.341     4.639    clk_BUFG
    SLICE_X0Y178         FDRE                                         r  counter_reg[3]/C
  -------------------------------------------------------------------    -------------------
    SLICE_X0Y178         FDRE (Prop_fdre_C_Q)         0.223     4.862 r  counter_reg[3]/Q
                         net (fo=1, routed)           0.424     5.286    counter_reg_n_0_[3]
    SLICE_X0Y178         CARRY4 (Prop_carry4_S[3]_CO[3])
                                                      0.236     5.522 r  counter_reg[0]_i_1/CO[3]
                         net (fo=1, routed)           0.000     5.522    counter_reg[0]_i_1_n_0
    SLICE_X0Y179         CARRY4 (Prop_carry4_CI_CO[3])
                                                      0.053     5.575 r  counter_reg[4]_i_1/CO[3]
                         net (fo=1, routed)           0.000     5.575    counter_reg[4]_i_1_n_0
    SLICE_X0Y180         CARRY4 (Prop_carry4_CI_CO[3])
                                                      0.053     5.628 r  counter_reg[8]_i_1/CO[3]
                         net (fo=1, routed)           0.000     5.628    counter_reg[8]_i_1_n_0
    SLICE_X0Y181         CARRY4 (Prop_carry4_CI_CO[3])
                                                      0.053     5.681 r  counter_reg[12]_i_1/CO[3]
                         net (fo=1, routed)           0.000     5.681    counter_reg[12]_i_1_n_0
    SLICE_X0Y182         CARRY4 (Prop_carry4_CI_CO[3])
                                                      0.053     5.734 r  counter_reg[16]_i_1/CO[3]
                         net (fo=1, routed)           0.000     5.734    counter_reg[16]_i_1_n_0
    SLICE_X0Y183         CARRY4 (Prop_carry4_CI_CO[3])
                                                      0.053     5.787 r  counter_reg[20]_i_1/CO[3]
                         net (fo=1, routed)           0.000     5.787    counter_reg[20]_i_1_n_0
    SLICE_X0Y184         CARRY4 (Prop_carry4_CI_O[2])
                                                      0.111     5.898 r  counter_reg[24]_i_1/O[2]
                         net (fo=1, routed)           0.000     5.898    counter_reg[24]_i_1_n_5
    SLICE_X0Y184         FDRE                                         r  counter_reg[26]/D
  -------------------------------------------------------------------    -------------------

                         (clock sysclk rise edge)     5.000     5.000 r  <hidden>
    AD12                                              0.000     5.000 r  sysclk_p
                         net (fo=0)                   0.000     5.000    sysclk_p
    AD12                 IBUFDS (Prop_ibufds_I_O)     0.803     5.803 r  clock_input/O
                         net (fo=1, routed)           2.173     7.976    clk
    BUFGCTRL_X0Y0        BUFG (Prop_bufg_I_O)         0.083     8.059 r  clk_BUFG_inst/O
                         net (fo=27, routed)          1.216     9.275    clk_BUFG
    SLICE_X0Y184         FDRE                                         r  counter_reg[26]/C
                         clock pessimism              0.347     9.623    <hidden>
                         clock uncertainty           -0.035     9.587    <hidden>
    SLICE_X0Y184         FDRE (Setup_fdre_C_D)        0.049     9.636    counter_reg[26]
  -------------------------------------------------------------------
                         required time                          9.636    <hidden>
                         arrival time                          -5.898    <hidden>
  -------------------------------------------------------------------
                         slack                                  3.739    <hidden>

Slack (MET) :             3.753ns  (required time - arrival time)
  Source:                 counter_reg[3]/C
                            (rising edge-triggered cell FDRE clocked by sysclk  {rise@0.000ns fall@2.500ns period=5.000ns})
  Destination:            counter_reg[23]/D
                            (rising edge-triggered cell FDRE clocked by sysclk  {rise@0.000ns fall@2.500ns period=5.000ns})
  Path Group:             sysclk
  Path Type:              Setup (Max at Slow Process Corner)
  Requirement:            5.000ns  (sysclk rise@5.000ns - sysclk rise@0.000ns)
  Data Path Delay:        1.244ns  (logic 0.820ns (65.913%)  route 0.424ns (34.087%))
  Logic Levels:           6  (CARRY4=6)
  Clock Path Skew:        -0.017ns (DCD - SCD + CPR)
    Destination Clock Delay (DCD):    4.274ns = ( 9.274 - 5.000 ) 
    Source Clock Delay      (SCD):    4.639ns
    Clock Pessimism Removal (CPR):    0.347ns
  Clock Uncertainty:      0.035ns  ((TSJ^2 + TIJ^2)^1/2 + DJ) / 2 + PE
    Total System Jitter     (TSJ):    0.071ns
    Total Input Jitter      (TIJ):    0.000ns
    Discrete Jitter          (DJ):    0.000ns
    Phase Error              (PE):    0.000ns

    Location             Delay type                Incr(ns)  Path(ns)    Netlist Resource(s)
  -------------------------------------------------------------------    -------------------
                         (clock sysclk rise edge)     0.000     0.000 r  <hidden>
    AD12                                              0.000     0.000 r  sysclk_p
                         net (fo=0)                   0.000     0.000    sysclk_p
    AD12                 IBUFDS (Prop_ibufds_I_O)     0.906     0.906 r  clock_input/O
                         net (fo=1, routed)           2.299     3.205    clk
    BUFGCTRL_X0Y0        BUFG (Prop_bufg_I_O)         0.093     3.298 r  clk_BUFG_inst/O
                         net (fo=27, routed)          1.341     4.639    clk_BUFG
    SLICE_X0Y178         FDRE                                         r  counter_reg[3]/C
  -------------------------------------------------------------------    -------------------
    SLICE_X0Y178         FDRE (Prop_fdre_C_Q)         0.223     4.862 r  counter_reg[3]/Q
                         net (fo=1, routed)           0.424     5.286    counter_reg_n_0_[3]
    SLICE_X0Y178         CARRY4 (Prop_carry4_S[3]_CO[3])
                                                      0.236     5.522 r  counter_reg[0]_i_1/CO[3]
                         net (fo=1, routed)           0.000     5.522    counter_reg[0]_i_1_n_0
    SLICE_X0Y179         CARRY4 (Prop_carry4_CI_CO[3])
                                                      0.053     5.575 r  counter_reg[4]_i_1/CO[3]
                         net (fo=1, routed)           0.000     5.575    counter_reg[4]_i_1_n_0
    SLICE_X0Y180         CARRY4 (Prop_carry4_CI_CO[3])
                                                      0.053     5.628 r  counter_reg[8]_i_1/CO[3]
                         net (fo=1, routed)           0.000     5.628    counter_reg[8]_i_1_n_0
    SLICE_X0Y181         CARRY4 (Prop_carry4_CI_CO[3])
                                                      0.053     5.681 r  counter_reg[12]_i_1/CO[3]
                         net (fo=1, routed)           0.000     5.681    counter_reg[12]_i_1_n_0
    SLICE_X0Y182         CARRY4 (Prop_carry4_CI_CO[3])
                                                      0.053     5.734 r  counter_reg[16]_i_1/CO[3]
                         net (fo=1, routed)           0.000     5.734    counter_reg[16]_i_1_n_0
    SLICE_X0Y183         CARRY4 (Prop_carry4_CI_O[3])
                                                      0.149     5.883 r  counter_reg[20]_i_1/O[3]
                         net (fo=1, routed)           0.000     5.883    counter_reg[20]_i_1_n_4
    SLICE_X0Y183         FDRE                                         r  counter_reg[23]/D
  -------------------------------------------------------------------    -------------------

                         (clock sysclk rise edge)     5.000     5.000 r  <hidden>
    AD12                                              0.000     5.000 r  sysclk_p
                         net (fo=0)                   0.000     5.000    sysclk_p
    AD12                 IBUFDS (Prop_ibufds_I_O)     0.803     5.803 r  clock_input/O
                         net (fo=1, routed)           2.173     7.976    clk
    BUFGCTRL_X0Y0        BUFG (Prop_bufg_I_O)         0.083     8.059 r  clk_BUFG_inst/O
                         net (fo=27, routed)          1.215     9.274    clk_BUFG
    SLICE_X0Y183         FDRE                                         r  counter_reg[23]/C
                         clock pessimism              0.347     9.622    <hidden>
                         clock uncertainty           -0.035     9.586    <hidden>
    SLICE_X0Y183         FDRE (Setup_fdre_C_D)        0.049     9.635    counter_reg[23]
  -------------------------------------------------------------------
                         required time                          9.635    <hidden>
                         arrival time                          -5.883    <hidden>
  -------------------------------------------------------------------
                         slack                                  3.753    <hidden>

Slack (MET) :             3.788ns  (required time - arrival time)
  Source:                 counter_reg[3]/C
                            (rising edge-triggered cell FDRE clocked by sysclk  {rise@0.000ns fall@2.500ns period=5.000ns})
  Destination:            counter_reg[17]/D
                            (rising edge-triggered cell FDRE clocked by sysclk  {rise@0.000ns fall@2.500ns period=5.000ns})
  Path Group:             sysclk
  Path Type:              Setup (Max at Slow Process Corner)
  Requirement:            5.000ns  (sysclk rise@5.000ns - sysclk rise@0.000ns)
  Data Path Delay:        1.208ns  (logic 0.784ns (64.897%)  route 0.424ns (35.103%))
  Logic Levels:           5  (CARRY4=5)
  Clock Path Skew:        -0.018ns (DCD - SCD + CPR)
    Destination Clock Delay (DCD):    4.273ns = ( 9.273 - 5.000 ) 
    Source Clock Delay      (SCD):    4.639ns
    Clock Pessimism Removal (CPR):    0.347ns
  Clock Uncertainty:      0.035ns  ((TSJ^2 + TIJ^2)^1/2 + DJ) / 2 + PE
    Total System Jitter     (TSJ):    0.071ns
    Total Input Jitter      (TIJ):    0.000ns
    Discrete Jitter          (DJ):    0.000ns
    Phase Error              (PE):    0.000ns

    Location             Delay type                Incr(ns)  Path(ns)    Netlist Resource(s)
  -------------------------------------------------------------------    -------------------
                         (clock sysclk rise edge)     0.000     0.000 r  <hidden>
    AD12                                              0.000     0.000 r  sysclk_p
                         net (fo=0)                   0.000     0.000    sysclk_p
    AD12                 IBUFDS (Prop_ibufds_I_O)     0.906     0.906 r  clock_input/O
                         net (fo=1, routed)           2.299     3.205    clk
    BUFGCTRL_X0Y0        BUFG (Prop_bufg_I_O)         0.093     3.298 r  clk_BUFG_inst/O
                         net (fo=27, routed)          1.341     4.639    clk_BUFG
    SLICE_X0Y178         FDRE                                         r  counter_reg[3]/C
  -------------------------------------------------------------------    -------------------
    SLICE_X0Y178         FDRE (Prop_fdre_C_Q)         0.223     4.862 r  counter_reg[3]/Q
                         net (fo=1, routed)           0.424     5.286    counter_reg_n_0_[3]
    SLICE_X0Y178         CARRY4 (Prop_carry4_S[3]_CO[3])
                                                      0.236     5.522 r  counter_reg[0]_i_1/CO[3]
                         net (fo=1, routed)           0.000     5.522    counter_reg[0]_i_1_n_0
    SLICE_X0Y179         CARRY4 (Prop_carry4_CI_CO[3])
                                                      0.053     5.575 r  counter_reg[4]_i_1/CO[3]
                         net (fo=1, routed)           0.000     5.575    counter_reg[4]_i_1_n_0
    SLICE_X0Y180         CARRY4 (Prop_carry4_CI_CO[3])
                                                      0.053     5.628 r  counter_reg[8]_i_1/CO[3]
                         net (fo=1, routed)           0.000     5.628    counter_reg[8]_i_1_n_0
    SLICE_X0Y181         CARRY4 (Prop_carry4_CI_CO[3])
                                                      0.053     5.681 r  counter_reg[12]_i_1/CO[3]
                         net (fo=1, routed)           0.000     5.681    counter_reg[12]_i_1_n_0
    SLICE_X0Y182         CARRY4 (Prop_carry4_CI_O[1])
                                                      0.166     5.847 r  counter_reg[16]_i_1/O[1]
                         net (fo=1, routed)           0.000     5.847    counter_reg[16]_i_1_n_6
    SLICE_X0Y182         FDRE                                         r  counter_reg[17]/D
  -------------------------------------------------------------------    -------------------

                         (clock sysclk rise edge)     5.000     5.000 r  <hidden>
    AD12                                              0.000     5.000 r  sysclk_p
                         net (fo=0)                   0.000     5.000    sysclk_p
    AD12                 IBUFDS (Prop_ibufds_I_O)     0.803     5.803 r  clock_input/O
                         net (fo=1, routed)           2.173     7.976    clk
    BUFGCTRL_X0Y0        BUFG (Prop_bufg_I_O)         0.083     8.059 r  clk_BUFG_inst/O
                         net (fo=27, routed)          1.214     9.273    clk_BUFG
    SLICE_X0Y182         FDRE                                         r  counter_reg[17]/C
                         clock pessimism              0.347     9.621    <hidden>
                         clock uncertainty           -0.035     9.585    <hidden>
    SLICE_X0Y182         FDRE (Setup_fdre_C_D)        0.049     9.634    counter_reg[17]
  -------------------------------------------------------------------
                         required time                          9.634    <hidden>
                         arrival time                          -5.847    <hidden>
  -------------------------------------------------------------------
                         slack                                  3.788    <hidden>

Slack (MET) :             3.791ns  (required time - arrival time)
  Source:                 counter_reg[3]/C
                            (rising edge-triggered cell FDRE clocked by sysclk  {rise@0.000ns fall@2.500ns period=5.000ns})
  Destination:            counter_reg[20]/D
                            (rising edge-triggered cell FDRE clocked by sysclk  {rise@0.000ns fall@2.500ns period=5.000ns})
  Path Group:             sysclk
  Path Type:              Setup (Max at Slow Process Corner)
  Requirement:            5.000ns  (sysclk rise@5.000ns - sysclk rise@0.000ns)
  Data Path Delay:        1.206ns  (logic 0.782ns (64.839%)  route 0.424ns (35.161%))
  Logic Levels:           6  (CARRY4=6)
  Clock Path Skew:        -0.017ns (DCD - SCD + CPR)
    Destination Clock Delay (DCD):    4.274ns = ( 9.274 - 5.000 ) 
    Source Clock Delay      (SCD):    4.639ns
    Clock Pessimism Removal (CPR):    0.347ns
  Clock Uncertainty:      0.035ns  ((TSJ^2 + TIJ^2)^1/2 + DJ) / 2 + PE
    Total System Jitter     (TSJ):    0.071ns
    Total Input Jitter      (TIJ):    0.000ns
    Discrete Jitter          (DJ):    0.000ns
    Phase Error              (PE):    0.000ns

    Location             Delay type                Incr(ns)  Path(ns)    Netlist Resource(s)
  -------------------------------------------------------------------    -------------------
                         (clock sysclk rise edge)     0.000     0.000 r  <hidden>
    AD12                                              0.000     0.000 r  sysclk_p
                         net (fo=0)                   0.000     0.000    sysclk_p
    AD12                 IBUFDS (Prop_ibufds_I_O)     0.906     0.906 r  clock_input/O
                         net (fo=1, routed)           2.299     3.205    clk
    BUFGCTRL_X0Y0        BUFG (Prop_bufg_I_O)         0.093     3.298 r  clk_BUFG_inst/O
                         net (fo=27, routed)          1.341     4.639    clk_BUFG
    SLICE_X0Y178         FDRE                                         r  counter_reg[3]/C
  -------------------------------------------------------------------    -------------------
    SLICE_X0Y178         FDRE (Prop_fdre_C_Q)         0.223     4.862 r  counter_reg[3]/Q
                         net (fo=1, routed)           0.424     5.286    counter_reg_n_0_[3]
    SLICE_X0Y178         CARRY4 (Prop_carry4_S[3]_CO[3])
                                                      0.236     5.522 r  counter_reg[0]_i_1/CO[3]
                         net (fo=1, routed)           0.000     5.522    counter_reg[0]_i_1_n_0
    SLICE_X0Y179         CARRY4 (Prop_carry4_CI_CO[3])
                                                      0.053     5.575 r  counter_reg[4]_i_1/CO[3]
                         net (fo=1, routed)           0.000     5.575    counter_reg[4]_i_1_n_0
    SLICE_X0Y180         CARRY4 (Prop_carry4_CI_CO[3])
                                                      0.053     5.628 r  counter_reg[8]_i_1/CO[3]
                         net (fo=1, routed)           0.000     5.628    counter_reg[8]_i_1_n_0
    SLICE_X0Y181         CARRY4 (Prop_carry4_CI_CO[3])
                                                      0.053     5.681 r  counter_reg[12]_i_1/CO[3]
                         net (fo=1, routed)           0.000     5.681    counter_reg[12]_i_1_n_0
    SLICE_X0Y182         CARRY4 (Prop_carry4_CI_CO[3])
                                                      0.053     5.734 r  counter_reg[16]_i_1/CO[3]
                         net (fo=1, routed)           0.000     5.734    counter_reg[16]_i_1_n_0
    SLICE_X0Y183         CARRY4 (Prop_carry4_CI_O[0])
                                                      0.111     5.845 r  counter_reg[20]_i_1/O[0]
                         net (fo=1, routed)           0.000     5.845    counter_reg[20]_i_1_n_7
    SLICE_X0Y183         FDRE                                         r  counter_reg[20]/D
  -------------------------------------------------------------------    -------------------

                         (clock sysclk rise edge)     5.000     5.000 r  <hidden>
    AD12                                              0.000     5.000 r  sysclk_p
                         net (fo=0)                   0.000     5.000    sysclk_p
    AD12                 IBUFDS (Prop_ibufds_I_O)     0.803     5.803 r  clock_input/O
                         net (fo=1, routed)           2.173     7.976    clk
    BUFGCTRL_X0Y0        BUFG (Prop_bufg_I_O)         0.083     8.059 r  clk_BUFG_inst/O
                         net (fo=27, routed)          1.215     9.274    clk_BUFG
    SLICE_X0Y183         FDRE                                         r  counter_reg[20]/C
                         clock pessimism              0.347     9.622    <hidden>
                         clock uncertainty           -0.035     9.586    <hidden>
    SLICE_X0Y183         FDRE (Setup_fdre_C_D)        0.049     9.635    counter_reg[20]
  -------------------------------------------------------------------
                         required time                          9.635    <hidden>
                         arrival time                          -5.845    <hidden>
  -------------------------------------------------------------------
                         slack                                  3.791    <hidden>

Slack (MET) :             3.791ns  (required time - arrival time)
  Source:                 counter_reg[3]/C
                            (rising edge-triggered cell FDRE clocked by sysclk  {rise@0.000ns fall@2.500ns period=5.000ns})
  Destination:            counter_reg[22]/D
                            (rising edge-triggered cell FDRE clocked by sysclk  {rise@0.000ns fall@2.500ns period=5.000ns})
  Path Group:             sysclk
  Path Type:              Setup (Max at Slow Process Corner)
  Requirement:            5.000ns  (sysclk rise@5.000ns - sysclk rise@0.000ns)
  Data Path Delay:        1.206ns  (logic 0.782ns (64.839%)  route 0.424ns (35.161%))
  Logic Levels:           6  (CARRY4=6)
  Clock Path Skew:        -0.017ns (DCD - SCD + CPR)
    Destination Clock Delay (DCD):    4.274ns = ( 9.274 - 5.000 ) 
    Source Clock Delay      (SCD):    4.639ns
    Clock Pessimism Removal (CPR):    0.347ns
  Clock Uncertainty:      0.035ns  ((TSJ^2 + TIJ^2)^1/2 + DJ) / 2 + PE
    Total System Jitter     (TSJ):    0.071ns
    Total Input Jitter      (TIJ):    0.000ns
    Discrete Jitter          (DJ):    0.000ns
    Phase Error              (PE):    0.000ns

    Location             Delay type                Incr(ns)  Path(ns)    Netlist Resource(s)
  -------------------------------------------------------------------    -------------------
                         (clock sysclk rise edge)     0.000     0.000 r  <hidden>
    AD12                                              0.000     0.000 r  sysclk_p
                         net (fo=0)                   0.000     0.000    sysclk_p
    AD12                 IBUFDS (Prop_ibufds_I_O)     0.906     0.906 r  clock_input/O
                         net (fo=1, routed)           2.299     3.205    clk
    BUFGCTRL_X0Y0        BUFG (Prop_bufg_I_O)         0.093     3.298 r  clk_BUFG_inst/O
                         net (fo=27, routed)          1.341     4.639    clk_BUFG
    SLICE_X0Y178         FDRE                                         r  counter_reg[3]/C
  -------------------------------------------------------------------    -------------------
    SLICE_X0Y178         FDRE (Prop_fdre_C_Q)         0.223     4.862 r  counter_reg[3]/Q
                         net (fo=1, routed)           0.424     5.286    counter_reg_n_0_[3]
    SLICE_X0Y178         CARRY4 (Prop_carry4_S[3]_CO[3])
                                                      0.236     5.522 r  counter_reg[0]_i_1/CO[3]
                         net (fo=1, routed)           0.000     5.522    counter_reg[0]_i_1_n_0
    SLICE_X0Y179         CARRY4 (Prop_carry4_CI_CO[3])
                                                      0.053     5.575 r  counter_reg[4]_i_1/CO[3]
                         net (fo=1, routed)           0.000     5.575    counter_reg[4]_i_1_n_0
    SLICE_X0Y180         CARRY4 (Prop_carry4_CI_CO[3])
                                                      0.053     5.628 r  counter_reg[8]_i_1/CO[3]
                         net (fo=1, routed)           0.000     5.628    counter_reg[8]_i_1_n_0
    SLICE_X0Y181         CARRY4 (Prop_carry4_CI_CO[3])
                                                      0.053     5.681 r  counter_reg[12]_i_1/CO[3]
                         net (fo=1, routed)           0.000     5.681    counter_reg[12]_i_1_n_0
    SLICE_X0Y182         CARRY4 (Prop_carry4_CI_CO[3])
                                                      0.053     5.734 r  counter_reg[16]_i_1/CO[3]
                         net (fo=1, routed)           0.000     5.734    counter_reg[16]_i_1_n_0
    SLICE_X0Y183         CARRY4 (Prop_carry4_CI_O[2])
                                                      0.111     5.845 r  counter_reg[20]_i_1/O[2]
                         net (fo=1, routed)           0.000     5.845    counter_reg[20]_i_1_n_5
    SLICE_X0Y183         FDRE                                         r  counter_reg[22]/D
  -------------------------------------------------------------------    -------------------

                         (clock sysclk rise edge)     5.000     5.000 r  <hidden>
    AD12                                              0.000     5.000 r  sysclk_p
                         net (fo=0)                   0.000     5.000    sysclk_p
    AD12                 IBUFDS (Prop_ibufds_I_O)     0.803     5.803 r  clock_input/O
                         net (fo=1, routed)           2.173     7.976    clk
    BUFGCTRL_X0Y0        BUFG (Prop_bufg_I_O)         0.083     8.059 r  clk_BUFG_inst/O
                         net (fo=27, routed)          1.215     9.274    clk_BUFG
    SLICE_X0Y183         FDRE                                         r  counter_reg[22]/C
                         clock pessimism              0.347     9.622    <hidden>
                         clock uncertainty           -0.035     9.586    <hidden>
    SLICE_X0Y183         FDRE (Setup_fdre_C_D)        0.049     9.635    counter_reg[22]
  -------------------------------------------------------------------
                         required time                          9.635    <hidden>
                         arrival time                          -5.845    <hidden>
  -------------------------------------------------------------------
                         slack                                  3.791    <hidden>

Slack (MET) :             3.805ns  (required time - arrival time)
  Source:                 counter_reg[3]/C
                            (rising edge-triggered cell FDRE clocked by sysclk  {rise@0.000ns fall@2.500ns period=5.000ns})
  Destination:            counter_reg[19]/D
                            (rising edge-triggered cell FDRE clocked by sysclk  {rise@0.000ns fall@2.500ns period=5.000ns})
  Path Group:             sysclk
  Path Type:              Setup (Max at Slow Process Corner)
  Requirement:            5.000ns  (sysclk rise@5.000ns - sysclk rise@0.000ns)
  Data Path Delay:        1.191ns  (logic 0.767ns (64.396%)  route 0.424ns (35.604%))
  Logic Levels:           5  (CARRY4=5)
  Clock Path Skew:        -0.018ns (DCD - SCD + CPR)
    Destination Clock Delay (DCD):    4.273ns = ( 9.273 - 5.000 ) 
    Source Clock Delay      (SCD):    4.639ns
    Clock Pessimism Removal (CPR):    0.347ns
  Clock Uncertainty:      0.035ns  ((TSJ^2 + TIJ^2)^1/2 + DJ) / 2 + PE
    Total System Jitter     (TSJ):    0.071ns
    Total Input Jitter      (TIJ):    0.000ns
    Discrete Jitter          (DJ):    0.000ns
    Phase Error              (PE):    0.000ns

    Location             Delay type                Incr(ns)  Path(ns)    Netlist Resource(s)
  -------------------------------------------------------------------    -------------------
                         (clock sysclk rise edge)     0.000     0.000 r  <hidden>
    AD12                                              0.000     0.000 r  sysclk_p
                         net (fo=0)                   0.000     0.000    sysclk_p
    AD12                 IBUFDS (Prop_ibufds_I_O)     0.906     0.906 r  clock_input/O
                         net (fo=1, routed)           2.299     3.205    clk
    BUFGCTRL_X0Y0        BUFG (Prop_bufg_I_O)         0.093     3.298 r  clk_BUFG_inst/O
                         net (fo=27, routed)          1.341     4.639    clk_BUFG
    SLICE_X0Y178         FDRE                                         r  counter_reg[3]/C
  -------------------------------------------------------------------    -------------------
    SLICE_X0Y178         FDRE (Prop_fdre_C_Q)         0.223     4.862 r  counter_reg[3]/Q
                         net (fo=1, routed)           0.424     5.286    counter_reg_n_0_[3]
    SLICE_X0Y178         CARRY4 (Prop_carry4_S[3]_CO[3])
                                                      0.236     5.522 r  counter_reg[0]_i_1/CO[3]
                         net (fo=1, routed)           0.000     5.522    counter_reg[0]_i_1_n_0
    SLICE_X0Y179         CARRY4 (Prop_carry4_CI_CO[3])
                                                      0.053     5.575 r  counter_reg[4]_i_1/CO[3]
                         net (fo=1, routed)           0.000     5.575    counter_reg[4]_i_1_n_0
    SLICE_X0Y180         CARRY4 (Prop_carry4_CI_CO[3])
                                                      0.053     5.628 r  counter_reg[8]_i_1/CO[3]
                         net (fo=1, routed)           0.000     5.628    counter_reg[8]_i_1_n_0
    SLICE_X0Y181         CARRY4 (Prop_carry4_CI_CO[3])
                                                      0.053     5.681 r  counter_reg[12]_i_1/CO[3]
                         net (fo=1, routed)           0.000     5.681    counter_reg[12]_i_1_n_0
    SLICE_X0Y182         CARRY4 (Prop_carry4_CI_O[3])
                                                      0.149     5.830 r  counter_reg[16]_i_1/O[3]
                         net (fo=1, routed)           0.000     5.830    counter_reg[16]_i_1_n_4
    SLICE_X0Y182         FDRE                                         r  counter_reg[19]/D
  -------------------------------------------------------------------    -------------------

                         (clock sysclk rise edge)     5.000     5.000 r  <hidden>
    AD12                                              0.000     5.000 r  sysclk_p
                         net (fo=0)                   0.000     5.000    sysclk_p
    AD12                 IBUFDS (Prop_ibufds_I_O)     0.803     5.803 r  clock_input/O
                         net (fo=1, routed)           2.173     7.976    clk
    BUFGCTRL_X0Y0        BUFG (Prop_bufg_I_O)         0.083     8.059 r  clk_BUFG_inst/O
                         net (fo=27, routed)          1.214     9.273    clk_BUFG
    SLICE_X0Y182         FDRE                                         r  counter_reg[19]/C
                         clock pessimism              0.347     9.621    <hidden>
                         clock uncertainty           -0.035     9.585    <hidden>
    SLICE_X0Y182         FDRE (Setup_fdre_C_D)        0.049     9.634    counter_reg[19]
  -------------------------------------------------------------------
                         required time                          9.634    <hidden>
                         arrival time                          -5.830    <hidden>
  -------------------------------------------------------------------
                         slack                                  3.805    <hidden>

Slack (MET) :             3.840ns  (required time - arrival time)
  Source:                 counter_reg[3]/C
                            (rising edge-triggered cell FDRE clocked by sysclk  {rise@0.000ns fall@2.500ns period=5.000ns})
  Destination:            counter_reg[13]/D
                            (rising edge-triggered cell FDRE clocked by sysclk  {rise@0.000ns fall@2.500ns period=5.000ns})
  Path Group:             sysclk
  Path Type:              Setup (Max at Slow Process Corner)
  Requirement:            5.000ns  (sysclk rise@5.000ns - sysclk rise@0.000ns)
  Data Path Delay:        1.155ns  (logic 0.731ns (63.286%)  route 0.424ns (36.714%))
  Logic Levels:           4  (CARRY4=4)
  Clock Path Skew:        -0.019ns (DCD - SCD + CPR)
    Destination Clock Delay (DCD):    4.272ns = ( 9.272 - 5.000 ) 
    Source Clock Delay      (SCD):    4.639ns
    Clock Pessimism Removal (CPR):    0.347ns
  Clock Uncertainty:      0.035ns  ((TSJ^2 + TIJ^2)^1/2 + DJ) / 2 + PE
    Total System Jitter     (TSJ):    0.071ns
    Total Input Jitter      (TIJ):    0.000ns
    Discrete Jitter          (DJ):    0.000ns
    Phase Error              (PE):    0.000ns

    Location             Delay type                Incr(ns)  Path(ns)    Netlist Resource(s)
  -------------------------------------------------------------------    -------------------
                         (clock sysclk rise edge)     0.000     0.000 r  <hidden>
    AD12                                              0.000     0.000 r  sysclk_p
                         net (fo=0)                   0.000     0.000    sysclk_p
    AD12                 IBUFDS (Prop_ibufds_I_O)     0.906     0.906 r  clock_input/O
                         net (fo=1, routed)           2.299     3.205    clk
    BUFGCTRL_X0Y0        BUFG (Prop_bufg_I_O)         0.093     3.298 r  clk_BUFG_inst/O
                         net (fo=27, routed)          1.341     4.639    clk_BUFG
    SLICE_X0Y178         FDRE                                         r  counter_reg[3]/C
  -------------------------------------------------------------------    -------------------
    SLICE_X0Y178         FDRE (Prop_fdre_C_Q)         0.223     4.862 r  counter_reg[3]/Q
                         net (fo=1, routed)           0.424     5.286    counter_reg_n_0_[3]
    SLICE_X0Y178         CARRY4 (Prop_carry4_S[3]_CO[3])
                                                      0.236     5.522 r  counter_reg[0]_i_1/CO[3]
                         net (fo=1, routed)           0.000     5.522    counter_reg[0]_i_1_n_0
    SLICE_X0Y179         CARRY4 (Prop_carry4_CI_CO[3])
                                                      0.053     5.575 r  counter_reg[4]_i_1/CO[3]
                         net (fo=1, routed)           0.000     5.575    counter_reg[4]_i_1_n_0
    SLICE_X0Y180         CARRY4 (Prop_carry4_CI_CO[3])
                                                      0.053     5.628 r  counter_reg[8]_i_1/CO[3]
                         net (fo=1, routed)           0.000     5.628    counter_reg[8]_i_1_n_0
    SLICE_X0Y181         CARRY4 (Prop_carry4_CI_O[1])
                                                      0.166     5.794 r  counter_reg[12]_i_1/O[1]
                         net (fo=1, routed)           0.000     5.794    counter_reg[12]_i_1_n_6
    SLICE_X0Y181         FDRE                                         r  counter_reg[13]/D
  -------------------------------------------------------------------    -------------------

                         (clock sysclk rise edge)     5.000     5.000 r  <hidden>
    AD12                                              0.000     5.000 r  sysclk_p
                         net (fo=0)                   0.000     5.000    sysclk_p
    AD12                 IBUFDS (Prop_ibufds_I_O)     0.803     5.803 r  clock_input/O
                         net (fo=1, routed)           2.173     7.976    clk
    BUFGCTRL_X0Y0        BUFG (Prop_bufg_I_O)         0.083     8.059 r  clk_BUFG_inst/O
                         net (fo=27, routed)          1.213     9.272    clk_BUFG
    SLICE_X0Y181         FDRE                                         r  counter_reg[13]/C
                         clock pessimism              0.347     9.620    <hidden>
                         clock uncertainty           -0.035     9.584    <hidden>
    SLICE_X0Y181         FDRE (Setup_fdre_C_D)        0.049     9.633    counter_reg[13]
  -------------------------------------------------------------------
                         required time                          9.633    <hidden>
                         arrival time                          -5.794    <hidden>
  -------------------------------------------------------------------
                         slack                                  3.840    <hidden>





Min Delay Paths
--------------------------------------------------------------------------------------
Slack (MET) :             0.218ns  (arrival time - required time)
  Source:                 counter_reg[18]/C
                            (rising edge-triggered cell FDRE clocked by sysclk  {rise@0.000ns fall@2.500ns period=5.000ns})
  Destination:            counter_reg[18]/D
                            (rising edge-triggered cell FDRE clocked by sysclk  {rise@0.000ns fall@2.500ns period=5.000ns})
  Path Group:             sysclk
  Path Type:              Hold (Min at Fast Process Corner)
  Requirement:            0.000ns  (sysclk rise@0.000ns - sysclk rise@0.000ns)
  Data Path Delay:        0.289ns  (logic 0.179ns (61.839%)  route 0.110ns (38.161%))
  Logic Levels:           1  (CARRY4=1)
  Clock Path Skew:        0.000ns (DCD - SCD - CPR)
    Destination Clock Delay (DCD):    2.470ns
    Source Clock Delay      (SCD):    2.115ns
    Clock Pessimism Removal (CPR):    0.354ns

    Location             Delay type                Incr(ns)  Path(ns)    Netlist Resource(s)
  -------------------------------------------------------------------    -------------------
                         (clock sysclk rise edge)     0.000     0.000 r  <hidden>
    AD12                                              0.000     0.000 r  sysclk_p
                         net (fo=0)                   0.000     0.000    sysclk_p
    AD12                 IBUFDS (Prop_ibufds_I_O)     0.388     0.388 r  clock_input/O
                         net (fo=1, routed)           1.083     1.471    clk
    BUFGCTRL_X0Y0        BUFG (Prop_bufg_I_O)         0.026     1.497 r  clk_BUFG_inst/O
                         net (fo=27, routed)          0.618     2.115    clk_BUFG
    SLICE_X0Y182         FDRE                                         r  counter_reg[18]/C
  -------------------------------------------------------------------    -------------------
    SLICE_X0Y182         FDRE (Prop_fdre_C_Q)         0.100     2.215 r  counter_reg[18]/Q
                         net (fo=1, routed)           0.110     2.326    counter_reg_n_0_[18]
    SLICE_X0Y182         CARRY4 (Prop_carry4_S[2]_O[2])
                                                      0.079     2.405 r  counter_reg[16]_i_1/O[2]
                         net (fo=1, routed)           0.000     2.405    counter_reg[16]_i_1_n_5
    SLICE_X0Y182         FDRE                                         r  counter_reg[18]/D
  -------------------------------------------------------------------    -------------------

                         (clock sysclk rise edge)     0.000     0.000 r  <hidden>
    AD12                                              0.000     0.000 r  sysclk_p
                         net (fo=0)                   0.000     0.000    sysclk_p
    AD12                 IBUFDS (Prop_ibufds_I_O)     0.470     0.470 r  clock_input/O
                         net (fo=1, routed)           1.154     1.624    clk
    BUFGCTRL_X0Y0        BUFG (Prop_bufg_I_O)         0.030     1.654 r  clk_BUFG_inst/O
                         net (fo=27, routed)          0.816     2.470    clk_BUFG
    SLICE_X0Y182         FDRE                                         r  counter_reg[18]/C
                         clock pessimism             -0.354     2.115    <hidden>
    SLICE_X0Y182         FDRE (Hold_fdre_C_D)         0.071     2.186    counter_reg[18]
  -------------------------------------------------------------------
                         required time                         -2.186    <hidden>
                         arrival time                           2.405    <hidden>
  -------------------------------------------------------------------
                         slack                                  0.218    <hidden>

Slack (MET) :             0.218ns  (arrival time - required time)
  Source:                 counter_reg[10]/C
                            (rising edge-triggered cell FDRE clocked by sysclk  {rise@0.000ns fall@2.500ns period=5.000ns})
  Destination:            counter_reg[10]/D
                            (rising edge-triggered cell FDRE clocked by sysclk  {rise@0.000ns fall@2.500ns period=5.000ns})
  Path Group:             sysclk
  Path Type:              Hold (Min at Fast Process Corner)
  Requirement:            0.000ns  (sysclk rise@0.000ns - sysclk rise@0.000ns)
  Data Path Delay:        0.289ns  (logic 0.179ns (61.839%)  route 0.110ns (38.161%))
  Logic Levels:           1  (CARRY4=1)
  Clock Path Skew:        0.000ns (DCD - SCD - CPR)
    Destination Clock Delay (DCD):    2.468ns
    Source Clock Delay      (SCD):    2.113ns
    Clock Pessimism Removal (CPR):    0.354ns

    Location             Delay type                Incr(ns)  Path(ns)    Netlist Resource(s)
  -------------------------------------------------------------------    -------------------
                         (clock sysclk rise edge)     0.000     0.000 r  <hidden>
    AD12                                              0.000     0.000 r  sysclk_p
                         net (fo=0)                   0.000     0.000    sysclk_p
    AD12                 IBUFDS (Prop_ibufds_I_O)     0.388     0.388 r  clock_input/O
                         net (fo=1, routed)           1.083     1.471    clk
    BUFGCTRL_X0Y0        BUFG (Prop_bufg_I_O)         0.026     1.497 r  clk_BUFG_inst/O
                         net (fo=27, routed)          0.616     2.113    clk_BUFG
    SLICE_X0Y180         FDRE                                         r  counter_reg[10]/C
  -------------------------------------------------------------------    -------------------
    SLICE_X0Y180         FDRE (Prop_fdre_C_Q)         0.100     2.213 r  counter_reg[10]/Q
                         net (fo=1, routed)           0.110     2.324    counter_reg_n_0_[10]
    SLICE_X0Y180         CARRY4 (Prop_carry4_S[2]_O[2])
                                                      0.079     2.403 r  counter_reg[8]_i_1/O[2]
                         net (fo=1, routed)           0.000     2.403    counter_reg[8]_i_1_n_5
    SLICE_X0Y180         FDRE                                         r  counter_reg[10]/D
  -------------------------------------------------------------------    -------------------

                         (clock sysclk rise edge)     0.000     0.000 r  <hidden>
    AD12                                              0.000     0.000 r  sysclk_p
                         net (fo=0)                   0.000     0.000    sysclk_p
    AD12                 IBUFDS (Prop_ibufds_I_O)     0.470     0.470 r  clock_input/O
                         net (fo=1, routed)           1.154     1.624    clk
    BUFGCTRL_X0Y0        BUFG (Prop_bufg_I_O)         0.030     1.654 r  clk_BUFG_inst/O
                         net (fo=27, routed)          0.814     2.468    clk_BUFG
    SLICE_X0Y180         FDRE                                         r  counter_reg[10]/C
                         clock pessimism             -0.354     2.113    <hidden>
    SLICE_X0Y180         FDRE (Hold_fdre_C_D)         0.071     2.184    counter_reg[10]
  -------------------------------------------------------------------
                         required time                         -2.184    <hidden>
                         arrival time                           2.403    <hidden>
  -------------------------------------------------------------------
                         slack                                  0.218    <hidden>

Slack (MET) :             0.218ns  (arrival time - required time)
  Source:                 counter_reg[14]/C
                            (rising edge-triggered cell FDRE clocked by sysclk  {rise@0.000ns fall@2.500ns period=5.000ns})
  Destination:            counter_reg[14]/D
                            (rising edge-triggered cell FDRE clocked by sysclk  {rise@0.000ns fall@2.500ns period=5.000ns})
  Path Group:             sysclk
  Path Type:              Hold (Min at Fast Process Corner)
  Requirement:            0.000ns  (sysclk rise@0.000ns - sysclk rise@0.000ns)
  Data Path Delay:        0.289ns  (logic 0.179ns (61.839%)  route 0.110ns (38.161%))
  Logic Levels:           1  (CARRY4=1)
  Clock Path Skew:        0.000ns (DCD - SCD - CPR)
    Destination Clock Delay (DCD):    2.469ns
    Source Clock Delay      (SCD):    2.114ns
    Clock Pessimism Removal (CPR):    0.354ns

    Location             Delay type                Incr(ns)  Path(ns)    Netlist Resource(s)
  -------------------------------------------------------------------    -------------------
                         (clock sysclk rise edge)     0.000     0.000 r  <hidden>
    AD12                                              0.000     0.000 r  sysclk_p
                         net (fo=0)                   0.000     0.000    sysclk_p
    AD12                 IBUFDS (Prop_ibufds_I_O)     0.388     0.388 r  clock_input/O
                         net (fo=1, routed)           1.083     1.471    clk
    BUFGCTRL_X0Y0        BUFG (Prop_bufg_I_O)         0.026     1.497 r  clk_BUFG_inst/O
                         net (fo=27, routed)          0.617     2.114    clk_BUFG
    SLICE_X0Y181         FDRE                                         r  counter_reg[14]/C
  -------------------------------------------------------------------    -------------------
    SLICE_X0Y181         FDRE (Prop_fdre_C_Q)         0.100     2.214 r  counter_reg[14]/Q
                         net (fo=1, routed)           0.110     2.325    counter_reg_n_0_[14]
    SLICE_X0Y181         CARRY4 (Prop_carry4_S[2]_O[2])
                                                      0.079     2.404 r  counter_reg[12]_i_1/O[2]
                         net (fo=1, routed)           0.000     2.404    counter_reg[12]_i_1_n_5
    SLICE_X0Y181         FDRE                                         r  counter_reg[14]/D
  -------------------------------------------------------------------    -------------------

                         (clock sysclk rise edge)     0.000     0.000 r  <hidden>
    AD12                                              0.000     0.000 r  sysclk_p
                         net (fo=0)                   0.000     0.000    sysclk_p
    AD12                 IBUFDS (Prop_ibufds_I_O)     0.470     0.470 r  clock_input/O
                         net (fo=1, routed)           1.154     1.624    clk
    BUFGCTRL_X0Y0        BUFG (Prop_bufg_I_O)         0.030     1.654 r  clk_BUFG_inst/O
                         net (fo=27, routed)          0.815     2.469    clk_BUFG
    SLICE_X0Y181         FDRE                                         r  counter_reg[14]/C
                         clock pessimism             -0.354     2.114    <hidden>
    SLICE_X0Y181         FDRE (Hold_fdre_C_D)         0.071     2.185    counter_reg[14]
  -------------------------------------------------------------------
                         required time                         -2.185    <hidden>
                         arrival time                           2.404    <hidden>
  -------------------------------------------------------------------
                         slack                                  0.218    <hidden>

Slack (MET) :             0.218ns  (arrival time - required time)
  Source:                 counter_reg[22]/C
                            (rising edge-triggered cell FDRE clocked by sysclk  {rise@0.000ns fall@2.500ns period=5.000ns})
  Destination:            counter_reg[22]/D
                            (rising edge-triggered cell FDRE clocked by sysclk  {rise@0.000ns fall@2.500ns period=5.000ns})
  Path Group:             sysclk
  Path Type:              Hold (Min at Fast Process Corner)
  Requirement:            0.000ns  (sysclk rise@0.000ns - sysclk rise@0.000ns)
  Data Path Delay:        0.289ns  (logic 0.179ns (61.839%)  route 0.110ns (38.161%))
  Logic Levels:           1  (CARRY4=1)
  Clock Path Skew:        0.000ns (DCD - SCD - CPR)
    Destination Clock Delay (DCD):    2.471ns
    Source Clock Delay      (SCD):    2.116ns
    Clock Pessimism Removal (CPR):    0.354ns

    Location             Delay type                Incr(ns)  Path(ns)    Netlist Resource(s)
  -------------------------------------------------------------------    -------------------
                         (clock sysclk rise edge)     0.000     0.000 r  <hidden>
    AD12                                              0.000     0.000 r  sysclk_p
                         net (fo=0)                   0.000     0.000    sysclk_p
    AD12                 IBUFDS (Prop_ibufds_I_O)     0.388     0.388 r  clock_input/O
                         net (fo=1, routed)           1.083     1.471    clk
    BUFGCTRL_X0Y0        BUFG (Prop_bufg_I_O)         0.026     1.497 r  clk_BUFG_inst/O
                         net (fo=27, routed)          0.619     2.116    clk_BUFG
    SLICE_X0Y183         FDRE                                         r  counter_reg[22]/C
  -------------------------------------------------------------------    -------------------
    SLICE_X0Y183         FDRE (Prop_fdre_C_Q)         0.100     2.216 r  counter_reg[22]/Q
                         net (fo=1, routed)           0.110     2.327    counter_reg_n_0_[22]
    SLICE_X0Y183         CARRY4 (Prop_carry4_S[2]_O[2])
                                                      0.079     2.406 r  counter_reg[20]_i_1/O[2]
                         net (fo=1, routed)           0.000     2.406    counter_reg[20]_i_1_n_5
    SLICE_X0Y183         FDRE                                         r  counter_reg[22]/D
  -------------------------------------------------------------------    -------------------

                         (clock sysclk rise edge)     0.000     0.000 r  <hidden>
    AD12                                              0.000     0.000 r  sysclk_p
                         net (fo=0)                   0.000     0.000    sysclk_p
    AD12                 IBUFDS (Prop_ibufds_I_O)     0.470     0.470 r  clock_input/O
                         net (fo=1, routed)           1.154     1.624    clk
    BUFGCTRL_X0Y0        BUFG (Prop_bufg_I_O)         0.030     1.654 r  clk_BUFG_inst/O
                         net (fo=27, routed)          0.817     2.471    clk_BUFG
    SLICE_X0Y183         FDRE                                         r  counter_reg[22]/C
                         clock pessimism             -0.354     2.116    <hidden>
    SLICE_X0Y183         FDRE (Hold_fdre_C_D)         0.071     2.187    counter_reg[22]
  -------------------------------------------------------------------
                         required time                         -2.187    <hidden>
                         arrival time                           2.406    <hidden>
  -------------------------------------------------------------------
                         slack                                  0.218    <hidden>

Slack (MET) :             0.218ns  (arrival time - required time)
  Source:                 counter_reg[2]/C
                            (rising edge-triggered cell FDRE clocked by sysclk  {rise@0.000ns fall@2.500ns period=5.000ns})
  Destination:            counter_reg[2]/D
                            (rising edge-triggered cell FDRE clocked by sysclk  {rise@0.000ns fall@2.500ns period=5.000ns})
  Path Group:             sysclk
  Path Type:              Hold (Min at Fast Process Corner)
  Requirement:            0.000ns  (sysclk rise@0.000ns - sysclk rise@0.000ns)
  Data Path Delay:        0.289ns  (logic 0.179ns (61.839%)  route 0.110ns (38.161%))
  Logic Levels:           1  (CARRY4=1)
  Clock Path Skew:        0.000ns (DCD - SCD - CPR)
    Destination Clock Delay (DCD):    2.466ns
    Source Clock Delay      (SCD):    2.111ns
    Clock Pessimism Removal (CPR):    0.354ns

    Location             Delay type                Incr(ns)  Path(ns)    Netlist Resource(s)
  -------------------------------------------------------------------    -------------------
                         (clock sysclk rise edge)     0.000     0.000 r  <hidden>
    AD12                                              0.000     0.000 r  sysclk_p
                         net (fo=0)                   0.000     0.000    sysclk_p
    AD12                 IBUFDS (Prop_ibufds_I_O)     0.388     0.388 r  clock_input/O
                         net (fo=1, routed)           1.083     1.471    clk
    BUFGCTRL_X0Y0        BUFG (Prop_bufg_I_O)         0.026     1.497 r  clk_BUFG_inst/O
                         net (fo=27, routed)          0.614     2.111    clk_BUFG
    SLICE_X0Y178         FDRE                                         r  counter_reg[2]/C
  -------------------------------------------------------------------    -------------------
    SLICE_X0Y178         FDRE (Prop_fdre_C_Q)         0.100     2.211 r  counter_reg[2]/Q
                         net (fo=1, routed)           0.110     2.322    counter_reg_n_0_[2]
    SLICE_X0Y178         CARRY4 (Prop_carry4_S[2]_O[2])
                                                      0.079     2.401 r  counter_reg[0]_i_1/O[2]
                         net (fo=1, routed)           0.000     2.401    counter_reg[0]_i_1_n_5
    SLICE_X0Y178         FDRE                                         r  counter_reg[2]/D
  -------------------------------------------------------------------    -------------------

                         (clock sysclk rise edge)     0.000     0.000 r  <hidden>
    AD12                                              0.000     0.000 r  sysclk_p
                         net (fo=0)                   0.000     0.000    sysclk_p
    AD12                 IBUFDS (Prop_ibufds_I_O)     0.470     0.470 r  clock_input/O
                         net (fo=1, routed)           1.154     1.624    clk
    BUFGCTRL_X0Y0        BUFG (Prop_bufg_I_O)         0.030     1.654 r  clk_BUFG_inst/O
                         net (fo=27, routed)          0.812     2.466    clk_BUFG
    SLICE_X0Y178         FDRE                                         r  counter_reg[2]/C
                         clock pessimism             -0.354     2.111    <hidden>
    SLICE_X0Y178         FDRE (Hold_fdre_C_D)         0.071     2.182    counter_reg[2]
  -------------------------------------------------------------------
                         required time                         -2.182    <hidden>
                         arrival time                           2.401    <hidden>
  -------------------------------------------------------------------
                         slack                                  0.218    <hidden>

Slack (MET) :             0.218ns  (arrival time - required time)
  Source:                 counter_reg[6]/C
                            (rising edge-triggered cell FDRE clocked by sysclk  {rise@0.000ns fall@2.500ns period=5.000ns})
  Destination:            counter_reg[6]/D
                            (rising edge-triggered cell FDRE clocked by sysclk  {rise@0.000ns fall@2.500ns period=5.000ns})
  Path Group:             sysclk
  Path Type:              Hold (Min at Fast Process Corner)
  Requirement:            0.000ns  (sysclk rise@0.000ns - sysclk rise@0.000ns)
  Data Path Delay:        0.289ns  (logic 0.179ns (61.839%)  route 0.110ns (38.161%))
  Logic Levels:           1  (CARRY4=1)
  Clock Path Skew:        0.000ns (DCD - SCD - CPR)
    Destination Clock Delay (DCD):    2.467ns
    Source Clock Delay      (SCD):    2.112ns
    Clock Pessimism Removal (CPR):    0.354ns

    Location             Delay type                Incr(ns)  Path(ns)    Netlist Resource(s)
  -------------------------------------------------------------------    -------------------
                         (clock sysclk rise edge)     0.000     0.000 r  <hidden>
    AD12                                              0.000     0.000 r  sysclk_p
                         net (fo=0)                   0.000     0.000    sysclk_p
    AD12                 IBUFDS (Prop_ibufds_I_O)     0.388     0.388 r  clock_input/O
                         net (fo=1, routed)           1.083     1.471    clk
    BUFGCTRL_X0Y0        BUFG (Prop_bufg_I_O)         0.026     1.497 r  clk_BUFG_inst/O
                         net (fo=27, routed)          0.615     2.112    clk_BUFG
    SLICE_X0Y179         FDRE                                         r  counter_reg[6]/C
  -------------------------------------------------------------------    -------------------
    SLICE_X0Y179         FDRE (Prop_fdre_C_Q)         0.100     2.212 r  counter_reg[6]/Q
                         net (fo=1, routed)           0.110     2.323    counter_reg_n_0_[6]
    SLICE_X0Y179         CARRY4 (Prop_carry4_S[2]_O[2])
                                                      0.079     2.402 r  counter_reg[4]_i_1/O[2]
                         net (fo=1, routed)           0.000     2.402    counter_reg[4]_i_1_n_5
    SLICE_X0Y179         FDRE                                         r  counter_reg[6]/D
  -------------------------------------------------------------------    -------------------

                         (clock sysclk rise edge)     0.000     0.000 r  <hidden>
    AD12                                              0.000     0.000 r  sysclk_p
                         net (fo=0)                   0.000     0.000    sysclk_p
    AD12                 IBUFDS (Prop_ibufds_I_O)     0.470     0.470 r  clock_input/O
                         net (fo=1, routed)           1.154     1.624    clk
    BUFGCTRL_X0Y0        BUFG (Prop_bufg_I_O)         0.030     1.654 r  clk_BUFG_inst/O
                         net (fo=27, routed)          0.813     2.467    clk_BUFG
    SLICE_X0Y179         FDRE                                         r  counter_reg[6]/C
                         clock pessimism             -0.354     2.112    <hidden>
    SLICE_X0Y179         FDRE (Hold_fdre_C_D)         0.071     2.183    counter_reg[6]
  -------------------------------------------------------------------
                         required time                         -2.183    <hidden>
                         arrival time                           2.402    <hidden>
  -------------------------------------------------------------------
                         slack                                  0.218    <hidden>

Slack (MET) :             0.228ns  (arrival time - required time)
  Source:                 counter_reg[26]/C
                            (rising edge-triggered cell FDRE clocked by sysclk  {rise@0.000ns fall@2.500ns period=5.000ns})
  Destination:            counter_reg[26]/D
                            (rising edge-triggered cell FDRE clocked by sysclk  {rise@0.000ns fall@2.500ns period=5.000ns})
  Path Group:             sysclk
  Path Type:              Hold (Min at Fast Process Corner)
  Requirement:            0.000ns  (sysclk rise@0.000ns - sysclk rise@0.000ns)
  Data Path Delay:        0.299ns  (logic 0.179ns (59.868%)  route 0.120ns (40.132%))
  Logic Levels:           1  (CARRY4=1)
  Clock Path Skew:        0.000ns (DCD - SCD - CPR)
    Destination Clock Delay (DCD):    2.472ns
    Source Clock Delay      (SCD):    2.117ns
    Clock Pessimism Removal (CPR):    0.354ns

    Location             Delay type                Incr(ns)  Path(ns)    Netlist Resource(s)
  -------------------------------------------------------------------    -------------------
                         (clock sysclk rise edge)     0.000     0.000 r  <hidden>
    AD12                                              0.000     0.000 r  sysclk_p
                         net (fo=0)                   0.000     0.000    sysclk_p
    AD12                 IBUFDS (Prop_ibufds_I_O)     0.388     0.388 r  clock_input/O
                         net (fo=1, routed)           1.083     1.471    clk
    BUFGCTRL_X0Y0        BUFG (Prop_bufg_I_O)         0.026     1.497 r  clk_BUFG_inst/O
                         net (fo=27, routed)          0.620     2.117    clk_BUFG
    SLICE_X0Y184         FDRE                                         r  counter_reg[26]/C
  -------------------------------------------------------------------    -------------------
    SLICE_X0Y184         FDRE (Prop_fdre_C_Q)         0.100     2.217 r  counter_reg[26]/Q
                         net (fo=2, routed)           0.120     2.337    counter_reg[26]
    SLICE_X0Y184         CARRY4 (Prop_carry4_S[2]_O[2])
                                                      0.079     2.416 r  counter_reg[24]_i_1/O[2]
                         net (fo=1, routed)           0.000     2.416    counter_reg[24]_i_1_n_5
    SLICE_X0Y184         FDRE                                         r  counter_reg[26]/D
  -------------------------------------------------------------------    -------------------

                         (clock sysclk rise edge)     0.000     0.000 r  <hidden>
    AD12                                              0.000     0.000 r  sysclk_p
                         net (fo=0)                   0.000     0.000    sysclk_p
    AD12                 IBUFDS (Prop_ibufds_I_O)     0.470     0.470 r  clock_input/O
                         net (fo=1, routed)           1.154     1.624    clk
    BUFGCTRL_X0Y0        BUFG (Prop_bufg_I_O)         0.030     1.654 r  clk_BUFG_inst/O
                         net (fo=27, routed)          0.818     2.472    clk_BUFG
    SLICE_X0Y184         FDRE                                         r  counter_reg[26]/C
                         clock pessimism             -0.354     2.117    <hidden>
    SLICE_X0Y184         FDRE (Hold_fdre_C_D)         0.071     2.188    counter_reg[26]
  -------------------------------------------------------------------
                         required time                         -2.188    <hidden>
                         arrival time                           2.416    <hidden>
  -------------------------------------------------------------------
                         slack                                  0.228    <hidden>

Slack (MET) :             0.242ns  (arrival time - required time)
  Source:                 counter_reg[18]/C
                            (rising edge-triggered cell FDRE clocked by sysclk  {rise@0.000ns fall@2.500ns period=5.000ns})
  Destination:            counter_reg[19]/D
                            (rising edge-triggered cell FDRE clocked by sysclk  {rise@0.000ns fall@2.500ns period=5.000ns})
  Path Group:             sysclk
  Path Type:              Hold (Min at Fast Process Corner)
  Requirement:            0.000ns  (sysclk rise@0.000ns - sysclk rise@0.000ns)
  Data Path Delay:        0.313ns  (logic 0.203ns (64.761%)  route 0.110ns (35.239%))
  Logic Levels:           1  (CARRY4=1)
  Clock Path Skew:        0.000ns (DCD - SCD - CPR)
    Destination Clock Delay (DCD):    2.470ns
    Source Clock Delay      (SCD):    2.115ns
    Clock Pessimism Removal (CPR):    0.354ns

    Location             Delay type                Incr(ns)  Path(ns)    Netlist Resource(s)
  -------------------------------------------------------------------    -------------------
                         (clock sysclk rise edge)     0.000     0.000 r  <hidden>
    AD12                                              0.000     0.000 r  sysclk_p
                         net (fo=0)                   0.000     0.000    sysclk_p
    AD12                 IBUFDS (Prop_ibufds_I_O)     0.388     0.388 r  clock_input/O
                         net (fo=1, routed)           1.083     1.471    clk
    BUFGCTRL_X0Y0        BUFG (Prop_bufg_I_O)         0.026     1.497 r  clk_BUFG_inst/O
                         net (fo=27, routed)          0.618     2.115    clk_BUFG
    SLICE_X0Y182         FDRE                                         r  counter_reg[18]/C
  -------------------------------------------------------------------    -------------------
    SLICE_X0Y182         FDRE (Prop_fdre_C_Q)         0.100     2.215 r  counter_reg[18]/Q
                         net (fo=1, routed)           0.110     2.326    counter_reg_n_0_[18]
    SLICE_X0Y182         CARRY4 (Prop_carry4_S[2]_O[3])
                                                      0.103     2.429 r  counter_reg[16]_i_1/O[3]
                         net (fo=1, routed)           0.000     2.429    counter_reg[16]_i_1_n_4
    SLICE_X0Y182         FDRE                                         r  counter_reg[19]/D
  -------------------------------------------------------------------    -------------------

                         (clock sysclk rise edge)     0.000     0.000 r  <hidden>
    AD12                                              0.000     0.000 r  sysclk_p
                         net (fo=0)                   0.000     0.000    sysclk_p
    AD12                 IBUFDS (Prop_ibufds_I_O)     0.470     0.470 r  clock_input/O
                         net (fo=1, routed)           1.154     1.624    clk
    BUFGCTRL_X0Y0        BUFG (Prop_bufg_I_O)         0.030     1.654 r  clk_BUFG_inst/O
                         net (fo=27, routed)          0.816     2.470    clk_BUFG
    SLICE_X0Y182         FDRE                                         r  counter_reg[19]/C
                         clock pessimism             -0.354     2.115    <hidden>
    SLICE_X0Y182         FDRE (Hold_fdre_C_D)         0.071     2.186    counter_reg[19]
  -------------------------------------------------------------------
                         required time                         -2.186    <hidden>
                         arrival time                           2.429    <hidden>
  -------------------------------------------------------------------
                         slack                                  0.242    <hidden>

Slack (MET) :             0.242ns  (arrival time - required time)
  Source:                 counter_reg[10]/C
                            (rising edge-triggered cell FDRE clocked by sysclk  {rise@0.000ns fall@2.500ns period=5.000ns})
  Destination:            counter_reg[11]/D
                            (rising edge-triggered cell FDRE clocked by sysclk  {rise@0.000ns fall@2.500ns period=5.000ns})
  Path Group:             sysclk
  Path Type:              Hold (Min at Fast Process Corner)
  Requirement:            0.000ns  (sysclk rise@0.000ns - sysclk rise@0.000ns)
  Data Path Delay:        0.313ns  (logic 0.203ns (64.761%)  route 0.110ns (35.239%))
  Logic Levels:           1  (CARRY4=1)
  Clock Path Skew:        0.000ns (DCD - SCD - CPR)
    Destination Clock Delay (DCD):    2.468ns
    Source Clock Delay      (SCD):    2.113ns
    Clock Pessimism Removal (CPR):    0.354ns

    Location             Delay type                Incr(ns)  Path(ns)    Netlist Resource(s)
  -------------------------------------------------------------------    -------------------
                         (clock sysclk rise edge)     0.000     0.000 r  <hidden>
    AD12                                              0.000     0.000 r  sysclk_p
                         net (fo=0)                   0.000     0.000    sysclk_p
    AD12                 IBUFDS (Prop_ibufds_I_O)     0.388     0.388 r  clock_input/O
                         net (fo=1, routed)           1.083     1.471    clk
    BUFGCTRL_X0Y0        BUFG (Prop_bufg_I_O)         0.026     1.497 r  clk_BUFG_inst/O
                         net (fo=27, routed)          0.616     2.113    clk_BUFG
    SLICE_X0Y180         FDRE                                         r  counter_reg[10]/C
  -------------------------------------------------------------------    -------------------
    SLICE_X0Y180         FDRE (Prop_fdre_C_Q)         0.100     2.213 r  counter_reg[10]/Q
                         net (fo=1, routed)           0.110     2.324    counter_reg_n_0_[10]
    SLICE_X0Y180         CARRY4 (Prop_carry4_S[2]_O[3])
                                                      0.103     2.427 r  counter_reg[8]_i_1/O[3]
                         net (fo=1, routed)           0.000     2.427    counter_reg[8]_i_1_n_4
    SLICE_X0Y180         FDRE                                         r  counter_reg[11]/D
  -------------------------------------------------------------------    -------------------

                         (clock sysclk rise edge)     0.000     0.000 r  <hidden>
    AD12                                              0.000     0.000 r  sysclk_p
                         net (fo=0)                   0.000     0.000    sysclk_p
    AD12                 IBUFDS (Prop_ibufds_I_O)     0.470     0.470 r  clock_input/O
                         net (fo=1, routed)           1.154     1.624    clk
    BUFGCTRL_X0Y0        BUFG (Prop_bufg_I_O)         0.030     1.654 r  clk_BUFG_inst/O
                         net (fo=27, routed)          0.814     2.468    clk_BUFG
    SLICE_X0Y180         FDRE                                         r  counter_reg[11]/C
                         clock pessimism             -0.354     2.113    <hidden>
    SLICE_X0Y180         FDRE (Hold_fdre_C_D)         0.071     2.184    counter_reg[11]
  -------------------------------------------------------------------
                         required time                         -2.184    <hidden>
                         arrival time                           2.427    <hidden>
  -------------------------------------------------------------------
                         slack                                  0.242    <hidden>

Slack (MET) :             0.242ns  (arrival time - required time)
  Source:                 counter_reg[14]/C
                            (rising edge-triggered cell FDRE clocked by sysclk  {rise@0.000ns fall@2.500ns period=5.000ns})
  Destination:            counter_reg[15]/D
                            (rising edge-triggered cell FDRE clocked by sysclk  {rise@0.000ns fall@2.500ns period=5.000ns})
  Path Group:             sysclk
  Path Type:              Hold (Min at Fast Process Corner)
  Requirement:            0.000ns  (sysclk rise@0.000ns - sysclk rise@0.000ns)
  Data Path Delay:        0.313ns  (logic 0.203ns (64.761%)  route 0.110ns (35.239%))
  Logic Levels:           1  (CARRY4=1)
  Clock Path Skew:        0.000ns (DCD - SCD - CPR)
    Destination Clock Delay (DCD):    2.469ns
    Source Clock Delay      (SCD):    2.114ns
    Clock Pessimism Removal (CPR):    0.354ns

    Location             Delay type                Incr(ns)  Path(ns)    Netlist Resource(s)
  -------------------------------------------------------------------    -------------------
                         (clock sysclk rise edge)     0.000     0.000 r  <hidden>
    AD12                                              0.000     0.000 r  sysclk_p
                         net (fo=0)                   0.000     0.000    sysclk_p
    AD12                 IBUFDS (Prop_ibufds_I_O)     0.388     0.388 r  clock_input/O
                         net (fo=1, routed)           1.083     1.471    clk
    BUFGCTRL_X0Y0        BUFG (Prop_bufg_I_O)         0.026     1.497 r  clk_BUFG_inst/O
                         net (fo=27, routed)          0.617     2.114    clk_BUFG
    SLICE_X0Y181         FDRE                                         r  counter_reg[14]/C
  -------------------------------------------------------------------    -------------------
    SLICE_X0Y181         FDRE (Prop_fdre_C_Q)         0.100     2.214 r  counter_reg[14]/Q
                         net (fo=1, routed)           0.110     2.325    counter_reg_n_0_[14]
    SLICE_X0Y181         CARRY4 (Prop_carry4_S[2]_O[3])
                                                      0.103     2.428 r  counter_reg[12]_i_1/O[3]
                         net (fo=1, routed)           0.000     2.428    counter_reg[12]_i_1_n_4
    SLICE_X0Y181         FDRE                                         r  counter_reg[15]/D
  -------------------------------------------------------------------    -------------------

                         (clock sysclk rise edge)     0.000     0.000 r  <hidden>
    AD12                                              0.000     0.000 r  sysclk_p
                         net (fo=0)                   0.000     0.000    sysclk_p
    AD12                 IBUFDS (Prop_ibufds_I_O)     0.470     0.470 r  clock_input/O
                         net (fo=1, routed)           1.154     1.624    clk
    BUFGCTRL_X0Y0        BUFG (Prop_bufg_I_O)         0.030     1.654 r  clk_BUFG_inst/O
                         net (fo=27, routed)          0.815     2.469    clk_BUFG
    SLICE_X0Y181         FDRE                                         r  counter_reg[15]/C
                         clock pessimism             -0.354     2.114    <hidden>
    SLICE_X0Y181         FDRE (Hold_fdre_C_D)         0.071     2.185    counter_reg[15]
  -------------------------------------------------------------------
                         required time                         -2.185    <hidden>
                         arrival time                           2.428    <hidden>
  -------------------------------------------------------------------
                         slack                                  0.242    <hidden>





Pulse Width Checks
--------------------------------------------------------------------------------------
Clock Name:         sysclk
Waveform(ns):       { 0.000 2.500 }
Period(ns):         5.000
Sources:            { sysclk_p }

Check Type        Corner  Lib Pin  Reference Pin  Required(ns)  Actual(ns)  Slack(ns)  Location       Pin
Min Period        n/a     BUFG/I   n/a            1.408         5.000       3.591      BUFGCTRL_X0Y0  clk_BUFG_inst/I
Min Period        n/a     FDRE/C   n/a            0.700         5.000       4.300      SLICE_X0Y178   counter_reg[0]/C
Min Period        n/a     FDRE/C   n/a            0.700         5.000       4.300      SLICE_X0Y180   counter_reg[10]/C
Min Period        n/a     FDRE/C   n/a            0.700         5.000       4.300      SLICE_X0Y180   counter_reg[11]/C
Min Period        n/a     FDRE/C   n/a            0.700         5.000       4.300      SLICE_X0Y181   counter_reg[12]/C
Min Period        n/a     FDRE/C   n/a            0.700         5.000       4.300      SLICE_X0Y181   counter_reg[13]/C
Min Period        n/a     FDRE/C   n/a            0.700         5.000       4.300      SLICE_X0Y181   counter_reg[14]/C
Min Period        n/a     FDRE/C   n/a            0.700         5.000       4.300      SLICE_X0Y181   counter_reg[15]/C
Min Period        n/a     FDRE/C   n/a            0.700         5.000       4.300      SLICE_X0Y182   counter_reg[16]/C
Min Period        n/a     FDRE/C   n/a            0.700         5.000       4.300      SLICE_X0Y182   counter_reg[17]/C
Low Pulse Width   Slow    FDRE/C   n/a            0.350         2.500       2.150      SLICE_X0Y178   counter_reg[0]/C
Low Pulse Width   Fast    FDRE/C   n/a            0.350         2.500       2.150      SLICE_X0Y178   counter_reg[0]/C
Low Pulse Width   Slow    FDRE/C   n/a            0.350         2.500       2.150      SLICE_X0Y180   counter_reg[10]/C
Low Pulse Width   Fast    FDRE/C   n/a            0.350         2.500       2.150      SLICE_X0Y180   counter_reg[10]/C
Low Pulse Width   Slow    FDRE/C   n/a            0.350         2.500       2.150      SLICE_X0Y180   counter_reg[11]/C
Low Pulse Width   Fast    FDRE/C   n/a            0.350         2.500       2.150      SLICE_X0Y180   counter_reg[11]/C
Low Pulse Width   Slow    FDRE/C   n/a            0.350         2.500       2.150      SLICE_X0Y181   counter_reg[12]/C
Low Pulse Width   Fast    FDRE/C   n/a            0.350         2.500       2.150      SLICE_X0Y181   counter_reg[12]/C
Low Pulse Width   Slow    FDRE/C   n/a            0.350         2.500       2.150      SLICE_X0Y181   counter_reg[13]/C
Low Pulse Width   Fast    FDRE/C   n/a            0.350         2.500       2.150      SLICE_X0Y181   counter_reg[13]/C
High Pulse Width  Slow    FDRE/C   n/a            0.350         2.500       2.150      SLICE_X0Y178   counter_reg[0]/C
High Pulse Width  Fast    FDRE/C   n/a            0.350         2.500       2.150      SLICE_X0Y178   counter_reg[0]/C
High Pulse Width  Slow    FDRE/C   n/a            0.350         2.500       2.150      SLICE_X0Y180   counter_reg[10]/C
High Pulse Width  Fast    FDRE/C   n/a            0.350         2.500       2.150      SLICE_X0Y180   counter_reg[10]/C
High Pulse Width  Slow    FDRE/C   n/a            0.350         2.500       2.150      SLICE_X0Y180   counter_reg[11]/C
High Pulse Width  Fast    FDRE/C   n/a            0.350         2.500       2.150      SLICE_X0Y180   counter_reg[11]/C
High Pulse Width  Slow    FDRE/C   n/a            0.350         2.500       2.150      SLICE_X0Y181   counter_reg[12]/C
High Pulse Width  Fast    FDRE/C   n/a            0.350         2.500       2.150      SLICE_X0Y181   counter_reg[12]/C
High Pulse Width  Slow    FDRE/C   n/a            0.350         2.500       2.150      SLICE_X0Y181   counter_reg[13]/C
High Pulse Width  Fast    FDRE/C   n/a            0.350         2.500       2.150      SLICE_X0Y181   counter_reg[13]/C



--------------------------------------------------------------------------------------
Path Group:  (none)
From Clock:  
  To Clock:  

Max Delay             3 Endpoints
Min Delay             3 Endpoints
--------------------------------------------------------------------------------------


Max Delay Paths
--------------------------------------------------------------------------------------
Slack:                    inf
  Source:                 btnu
                            (input port)
  Destination:            led[5]
                            (output port)
  Path Group:             (none)
  Path Type:              Max at Slow Process Corner
  Data Path Delay:        9.288ns  (logic 4.372ns (47.068%)  route 4.916ns (52.932%))
  Logic Levels:           3  (IBUF=1 LUT3=1 OBUF=1)

    Location             Delay type                Incr(ns)  Path(ns)    Netlist Resource(s)
  -------------------------------------------------------------------    -------------------
    B19                                               0.000     0.000 r  btnu
                         net (fo=0)                   0.000     0.000    btnu
    B19                  IBUF (Prop_ibuf_I_O)         1.063     1.063 r  btnu_IBUF_inst/O
                         net (fo=2, routed)           2.319     3.382    led_OBUF[1]
    SLICE_X1Y184         LUT3 (Prop_lut3_I0_O)        0.043     3.425 r  led_OBUF[5]_inst_i_1/O
                         net (fo=1, routed)           2.597     6.022    led_OBUF[5]
    V26                  OBUF (Prop_obuf_I_O)         3.266     9.288 r  led_OBUF[5]_inst/O
                         net (fo=0)                   0.000     9.288    led[5]
    V26                                                               r  led[5]
  -------------------------------------------------------------------    -------------------

Slack:                    inf
  Source:                 btnu
                            (input port)
  Destination:            led[1]
                            (output port)
  Path Group:             (none)
  Path Type:              Max at Slow Process Corner
  Data Path Delay:        8.464ns  (logic 4.281ns (50.578%)  route 4.183ns (49.422%))
  Logic Levels:           2  (IBUF=1 OBUF=1)

    Location             Delay type                Incr(ns)  Path(ns)    Netlist Resource(s)
  -------------------------------------------------------------------    -------------------
    B19                                               0.000     0.000 r  btnu
                         net (fo=0)                   0.000     0.000    btnu
    B19                  IBUF (Prop_ibuf_I_O)         1.063     1.063 r  btnu_IBUF_inst/O
                         net (fo=2, routed)           4.183     5.246    led_OBUF[1]
    V19                  OBUF (Prop_obuf_I_O)         3.218     8.464 r  led_OBUF[1]_inst/O
                         net (fo=0)                   0.000     8.464    led[1]
    V19                                                               r  led[1]
  -------------------------------------------------------------------    -------------------

Slack:                    inf
  Source:                 btnc
                            (input port)
  Destination:            led[0]
                            (output port)
  Path Group:             (none)
  Path Type:              Max at Slow Process Corner
  Data Path Delay:        7.528ns  (logic 4.338ns (57.622%)  route 3.190ns (42.378%))
  Logic Levels:           2  (IBUF=1 OBUF=1)

    Location             Delay type                Incr(ns)  Path(ns)    Netlist Resource(s)
  -------------------------------------------------------------------    -------------------
    E18                                               0.000     0.000 r  btnc
                         net (fo=0)                   0.000     0.000    btnc
    E18                  IBUF (Prop_ibuf_I_O)         1.046     1.046 r  btnc_IBUF_inst/O
                         net (fo=1, routed)           3.190     4.236    led_OBUF[0]
    T28                  OBUF (Prop_obuf_I_O)         3.292     7.528 r  led_OBUF[0]_inst/O
                         net (fo=0)                   0.000     7.528    led[0]
    T28                                                               r  led[0]
  -------------------------------------------------------------------    -------------------





Min Delay Paths
--------------------------------------------------------------------------------------
Slack:                    inf
  Source:                 btnc
                            (input port)
  Destination:            led[0]
                            (output port)
  Path Group:             (none)
  Path Type:              Min at Fast Process Corner
  Data Path Delay:        3.017ns  (logic 1.605ns (53.217%)  route 1.411ns (46.783%))
  Logic Levels:           2  (IBUF=1 OBUF=1)

    Location             Delay type                Incr(ns)  Path(ns)    Netlist Resource(s)
  -------------------------------------------------------------------    -------------------
    E18                                               0.000     0.000 r  btnc
                         net (fo=0)                   0.000     0.000    btnc
    E18                  IBUF (Prop_ibuf_I_O)         0.206     0.206 r  btnc_IBUF_inst/O
                         net (fo=1, routed)           1.411     1.617    led_OBUF[0]
    T28                  OBUF (Prop_obuf_I_O)         1.400     3.017 r  led_OBUF[0]_inst/O
                         net (fo=0)                   0.000     3.017    led[0]
    T28                                                               r  led[0]
  -------------------------------------------------------------------    -------------------

Slack:                    inf
  Source:                 btnu
                            (input port)
  Destination:            led[1]
                            (output port)
  Path Group:             (none)
  Path Type:              Min at Fast Process Corner
  Data Path Delay:        3.507ns  (logic 1.549ns (44.167%)  route 1.958ns (55.833%))
  Logic Levels:           2  (IBUF=1 OBUF=1)

    Location             Delay type                Incr(ns)  Path(ns)    Netlist Resource(s)
  -------------------------------------------------------------------    -------------------
    B19                                               0.000     0.000 r  btnu
                         net (fo=0)                   0.000     0.000    btnu
    B19                  IBUF (Prop_ibuf_I_O)         0.222     0.222 r  btnu_IBUF_inst/O
                         net (fo=2, routed)           1.958     2.180    led_OBUF[1]
    V19                  OBUF (Prop_obuf_I_O)         1.326     3.507 r  led_OBUF[1]_inst/O
                         net (fo=0)                   0.000     3.507    led[1]
    V19                                                               r  led[1]
  -------------------------------------------------------------------    -------------------

Slack:                    inf
  Source:                 btnr
                            (input port)
  Destination:            led[5]
                            (output port)
  Path Group:             (none)
  Path Type:              Min at Fast Process Corner
  Data Path Delay:        3.951ns  (logic 1.622ns (41.060%)  route 2.329ns (58.940%))
  Logic Levels:           3  (IBUF=1 LUT3=1 OBUF=1)

    Location             Delay type                Incr(ns)  Path(ns)    Netlist Resource(s)
  -------------------------------------------------------------------    -------------------
    C19                                               0.000     0.000 r  btnr
                         net (fo=0)                   0.000     0.000    btnr
    C19                  IBUF (Prop_ibuf_I_O)         0.220     0.220 r  btnr_IBUF_inst/O
                         net (fo=1, routed)           1.214     1.434    btnr_IBUF
    SLICE_X1Y184         LUT3 (Prop_lut3_I2_O)        0.028     1.462 r  led_OBUF[5]_inst_i_1/O
                         net (fo=1, routed)           1.115     2.577    led_OBUF[5]
    V26                  OBUF (Prop_obuf_I_O)         1.374     3.951 r  led_OBUF[5]_inst/O
                         net (fo=0)                   0.000     3.951    led[5]
    V26                                                               r  led[5]
  -------------------------------------------------------------------    -------------------





--------------------------------------------------------------------------------------
Path Group:  (none)
From Clock:  sysclk
  To Clock:  

Max Delay             1 Endpoint
Min Delay             1 Endpoint
--------------------------------------------------------------------------------------


Max Delay Paths
--------------------------------------------------------------------------------------
Slack:                    inf
  Source:                 counter_reg[26]/C
                            (rising edge-triggered cell FDRE clocked by sysclk  {rise@0.000ns fall@2.500ns period=5.000ns})
  Destination:            led[5]
                            (output port)
  Path Group:             (none)
  Path Type:              Max at Slow Process Corner
  Data Path Delay:        6.243ns  (logic 3.532ns (56.567%)  route 2.712ns (43.433%))
  Logic Levels:           2  (LUT3=1 OBUF=1)
  Clock Uncertainty:      0.025ns  ((TSJ^2 + TIJ^2)^1/2 + DJ) / 2 + PE
    Total System Jitter     (TSJ):    0.050ns
    Total Input Jitter      (TIJ):    0.000ns
    Discrete Jitter          (DJ):    0.000ns
    Phase Error              (PE):    0.000ns

    Location             Delay type                Incr(ns)  Path(ns)    Netlist Resource(s)
  -------------------------------------------------------------------    -------------------
                         (clock sysclk rise edge)     0.000     0.000 r  <hidden>
    AD12                                              0.000     0.000 r  sysclk_p
                         net (fo=0)                   0.000     0.000    sysclk_p
    AD12                 IBUFDS (Prop_ibufds_I_O)     0.906     0.906 r  clock_input/O
                         net (fo=1, routed)           2.299     3.205    clk
    BUFGCTRL_X0Y0        BUFG (Prop_bufg_I_O)         0.093     3.298 r  clk_BUFG_inst/O
                         net (fo=27, routed)          1.348     4.646    clk_BUFG
    SLICE_X0Y184         FDRE                                         r  counter_reg[26]/C
  -------------------------------------------------------------------    -------------------
    SLICE_X0Y184         FDRE (Prop_fdre_C_Q)         0.223     4.869 r  counter_reg[26]/Q
                         net (fo=2, routed)           0.115     4.983    counter_reg[26]
    SLICE_X1Y184         LUT3 (Prop_lut3_I1_O)        0.043     5.026 r  led_OBUF[5]_inst_i_1/O
                         net (fo=1, routed)           2.597     7.623    led_OBUF[5]
    V26                  OBUF (Prop_obuf_I_O)         3.266    10.889 r  led_OBUF[5]_inst/O
                         net (fo=0)                   0.000    10.889    led[5]
    V26                                                               r  led[5]
  -------------------------------------------------------------------    -------------------





Min Delay Paths
--------------------------------------------------------------------------------------
Slack:                    inf
  Source:                 counter_reg[26]/C
                            (rising edge-triggered cell FDRE clocked by sysclk  {rise@0.000ns fall@2.500ns period=5.000ns})
  Destination:            led[5]
                            (output port)
  Path Group:             (none)
  Path Type:              Min at Fast Process Corner
  Data Path Delay:        2.681ns  (logic 1.502ns (56.006%)  route 1.180ns (43.994%))
  Logic Levels:           2  (LUT3=1 OBUF=1)
  Clock Uncertainty:      0.025ns  ((TSJ^2 + TIJ^2)^1/2 + DJ) / 2 + PE
    Total System Jitter     (TSJ):    0.050ns
    Total Input Jitter      (TIJ):    0.000ns
    Discrete Jitter          (DJ):    0.000ns
    Phase Error              (PE):    0.000ns

    Location             Delay type                Incr(ns)  Path(ns)    Netlist Resource(s)
  -------------------------------------------------------------------    -------------------
                         (clock sysclk rise edge)     0.000     0.000 r  <hidden>
    AD12                                              0.000     0.000 r  sysclk_p
                         net (fo=0)                   0.000     0.000    sysclk_p
    AD12                 IBUFDS (Prop_ibufds_I_O)     0.388     0.388 r  clock_input/O
                         net (fo=1, routed)           1.083     1.471    clk
    BUFGCTRL_X0Y0        BUFG (Prop_bufg_I_O)         0.026     1.497 r  clk_BUFG_inst/O
                         net (fo=27, routed)          0.620     2.117    clk_BUFG
    SLICE_X0Y184         FDRE                                         r  counter_reg[26]/C
  -------------------------------------------------------------------    -------------------
    SLICE_X0Y184         FDRE (Prop_fdre_C_Q)         0.100     2.217 r  counter_reg[26]/Q
                         net (fo=2, routed)           0.065     2.282    counter_reg[26]
    SLICE_X1Y184         LUT3 (Prop_lut3_I1_O)        0.028     2.310 r  led_OBUF[5]_inst_i_1/O
                         net (fo=1, routed)           1.115     3.425    led_OBUF[5]
    V26                  OBUF (Prop_obuf_I_O)         1.374     4.799 r  led_OBUF[5]_inst/O
                         net (fo=0)                   0.000     4.799    led[5]
    V26                                                               r  led[5]
  -------------------------------------------------------------------    -------------------





